/*
SQLyog 企业版 - MySQL GUI v8.14 
MySQL - 5.5.27 : Database - jt
*********************************************************************
*/

/*!40101 SET NAMES utf8 */;

/*!40101 SET SQL_MODE=''*/;

/*!40014 SET @OLD_UNIQUE_CHECKS=@@UNIQUE_CHECKS, UNIQUE_CHECKS=0 */;
/*!40014 SET @OLD_FOREIGN_KEY_CHECKS=@@FOREIGN_KEY_CHECKS, FOREIGN_KEY_CHECKS=0 */;
/*!40101 SET @OLD_SQL_MODE=@@SQL_MODE, SQL_MODE='NO_AUTO_VALUE_ON_ZERO' */;
/*!40111 SET @OLD_SQL_NOTES=@@SQL_NOTES, SQL_NOTES=0 */;
CREATE DATABASE /*!32312 IF NOT EXISTS*/`jt` /*!40100 DEFAULT CHARACTER SET utf8 */;

USE `jt`;

/*Table structure for table `demo_user` */

DROP TABLE IF EXISTS `demo_user`;

CREATE TABLE `demo_user` (
  `id` int(11) NOT NULL AUTO_INCREMENT,
  `name` char(40) DEFAULT NULL,
  `age` int(11) DEFAULT NULL,
  `sex` char(40) DEFAULT NULL,
  PRIMARY KEY (`id`),
  KEY `cc` (`id`),
  KEY `user_index` (`name`)
) ENGINE=InnoDB AUTO_INCREMENT=231 DEFAULT CHARSET=utf8;

/*Data for the table `demo_user` */

insert  into `demo_user`(`id`,`name`,`age`,`sex`) values (1,'黑熊精',3000,'男'),(3,'金角大王',3000,'男'),(4,'银角大王',4000,'男'),(5,'唐僧',30,'男'),(6,'孙悟空',500,'男'),(7,'白龙驴',2000,'男'),(8,'八戒',502,'男'),(9,'沙悟净',503,'男'),(11,'小乔',17,'女'),(12,'貂蝉',18,'女'),(16,'黄月英',18,'女'),(17,'孙尚香',18,'女'),(18,'甄姬c',20,'女'),(21,'孙尚香D',18,'女'),(22,'刘备',40,'男'),(23,'潘凤',35,'男'),(24,'陆逊',33,'男'),(25,'关羽',40,'男'),(27,'阿科',20,'女'),(31,'王昭君',19,'女'),(38,'貂蝉',18,'女'),(39,'西施',18,'女'),(40,'严真煌',16,'女'),(41,'白骨精',3000,'女'),(43,'小乔',19,'男'),(44,'大乔',19,'女'),(46,'不知火舞',18,'女'),(49,'小兰兰',18,'男'),(50,'柳鹏林',18,'男'),(51,'妲己',18,'男'),(52,'如花',17,'男'),(53,'小明',18,'男'),(55,'金刚葫芦娃',7,'男'),(58,'马云',46,'男'),(62,'赵云',18,'男'),(66,'诺克赛斯之手',100,'男'),(68,'复仇炎魂',2000,'男'),(173,'年兽',5000,'公'),(182,'霸波尔奔',4000,'男'),(194,'齐天大圣',600,'男'),(196,'猪八戒',8000,'男'),(227,'小法',20,'男');

/*Table structure for table `item` */

DROP TABLE IF EXISTS `item`;

CREATE TABLE `item` (
  `id` int(11) NOT NULL AUTO_INCREMENT COMMENT '商品id，同时也是商品编号',
  `title` varchar(100) DEFAULT NULL COMMENT '商品标题',
  `sell_point` varchar(500) DEFAULT NULL COMMENT '商品卖点',
  `price` int(11) DEFAULT NULL COMMENT '商品价格，单位为：分',
  `num` int(11) DEFAULT NULL COMMENT '库存数量',
  `images` text COMMENT '商品图片',
  `item_cat_id` int(11) DEFAULT NULL COMMENT '所属类目，叶子类目',
  `status` tinyint(4) DEFAULT NULL COMMENT '商品状态，1-正常，2-下架，3-删除',
  `created` datetime DEFAULT NULL COMMENT '创建时间',
  `updated` datetime DEFAULT NULL COMMENT '更新时间',
  PRIMARY KEY (`id`),
  KEY `cid` (`item_cat_id`),
  KEY `status` (`status`),
  KEY `updated` (`updated`)
) ENGINE=InnoDB AUTO_INCREMENT=13 DEFAULT CHARSET=utf8 COMMENT='商品表';

/*Data for the table `item` */

insert  into `item`(`id`,`title`,`sell_point`,`price`,`num`,`images`,`item_cat_id`,`status`,`created`,`updated`) values (1,'荣耀Play4T Pro 麒麟810芯片 OLED屏幕指纹 4800万高感光夜拍三摄 22.5W超级快充 全网通8GB+128GB 蓝水翡翠','4800万高感光夜拍三摄，光学屏幕指纹，OLED珍珠屏！【新品V40轻奢版，新品上市，轻薄上手~】',169900,100,'https://img14.360buyimg.com/n0/jfs/t1/86366/6/18025/255635/5e8c4c04E11bd27a1/ed4ea4c49827f378.jpg,https://img14.360buyimg.com/n0/jfs/t1/86366/6/18025/255635/5e8c4c04E11bd27a1/ed4ea4c49827f378.jpg,https://img14.360buyimg.com/n0/jfs/t1/86366/6/18025/255635/5e8c4c04E11bd27a1/ed4ea4c49827f378.jpg',560,1,'2021-04-07 15:28:02','2021-04-07 20:07:42'),(2,'荣耀V40轻奢版 5G 超级快充 6400万超清四摄 8GB+128GB钛空银 移动联通电信5G 双卡双待手机','【限时12期白条免息】标配66W超级快充有线充电器，超曲面屏轻薄上手！V40轻奢新品更多活动',298900,100,'https://img14.360buyimg.com/n0/jfs/t1/164103/5/13092/213005/60505a06E4cfa3280/9a28034971309f0d.jpg,https://img14.360buyimg.com/n0/jfs/t1/159880/37/14166/181023/60541401Eb827e84d/d8fdb9ffbc210dd0.jpg,https://img14.360buyimg.com/n0/jfs/t1/155948/33/16925/161835/60541402E716bbf1c/538e450545afe33e.jpg',560,1,'2021-04-07 15:28:02','2021-04-07 20:07:45'),(3,'华为mate40pro 5G手机 秘银色 8+256G全网通（碎屏险套餐）','【华为官方直供】大量现货，当天发货，全国联保，原封正品【赠】碎屏险+无线充+2年保修+运费险+晒单红包+手机壳+贴膜',699900,100,'https://img14.360buyimg.com/n0/jfs/t1/170978/5/16332/204840/60692ed6E633bd219/9bc0a3781a3a221c.jpg,https://img14.360buyimg.com/n0/jfs/t1/170978/5/16332/204840/60692ed6E633bd219/9bc0a3781a3a221c.jpg,https://img14.360buyimg.com/n0/jfs/t1/136433/13/13271/57921/5f918984E56739e4b/226641315d87fb96.jpg',560,1,'2021-04-07 15:28:02','2021-04-07 20:07:45'),(4,'华为畅享20se 手机 幻夜黑 8+128G 全网通（碎屏险套餐）','【华为官方直供】现货当天发，全国联保，原封正品【赠】碎屏险+2年保修+晒单红包+运费险',179900,100,'https://img14.360buyimg.com/n0/jfs/t1/170573/15/15285/174782/606190d4E9a6383fc/84353dda60ed7503.jpg,https://img14.360buyimg.com/n0/jfs/t1/156471/12/4879/20094/5ff7c426E5708f46e/5c7780dbbd34541a.jpg,https://img14.360buyimg.com/n0/jfs/t1/170010/40/1575/22356/5ff7c426E3649270d/3b7d6896e7c2cebc.jpg',560,1,'2021-04-07 15:28:02','2021-04-07 20:07:46'),(6,'华为 HUAWEI Mate 40 Pro麒麟9000 SoC芯片 超感知徕卡电影影像 有线无线双超级快充8GB+128GB亮黑色5G全网通','【华为Mate40Pro】5nm麒麟芯片!超感知徕卡电影影像!双线超级快充!隔空操控屏!!!限量抢购更多选择猛戳查看>',649900,100,'/2021/04/16/55f86147299b4fd7bb3433e82c9e1953.jpg,/2021/04/16/fd53eafa2f684581be45aa9b828183b3.jpg,/2021/04/16/2219703664a442e797d017fbc0afdc49.jpg,/2021/04/16/de7cf577790244778b9cbf30c2b81c00.jpg',560,1,'2021-04-16 17:10:53','2021-04-16 17:11:06');

/*Table structure for table `item_cat` */

DROP TABLE IF EXISTS `item_cat`;

CREATE TABLE `item_cat` (
  `id` int(11) NOT NULL AUTO_INCREMENT,
  `parent_id` int(11) DEFAULT NULL,
  `name` varchar(150) DEFAULT NULL,
  `status` int(11) DEFAULT NULL,
  `level` int(11) DEFAULT NULL,
  `created` datetime DEFAULT NULL,
  `updated` datetime DEFAULT NULL,
  PRIMARY KEY (`id`)
) ENGINE=InnoDB AUTO_INCREMENT=1183 DEFAULT CHARSET=utf8;

/*Data for the table `item_cat` */

insert  into `item_cat`(`id`,`parent_id`,`name`,`status`,`level`,`created`,`updated`) values (1,0,'图书、音像、电子书刊',1,1,'2021-03-29 18:09:38','2021-03-29 18:10:02'),(2,1,'电子书刊',1,2,'2021-03-29 18:09:38','2021-03-29 18:10:02'),(3,2,'电子书',1,3,'2021-03-29 18:09:38','2021-03-29 18:10:02'),(4,2,'网络原创',1,3,'2021-03-29 18:09:38','2021-03-29 18:10:02'),(5,2,'数字杂志',1,3,'2021-03-29 18:09:38','2021-03-29 18:10:02'),(6,2,'多媒体图书',1,3,'2021-03-29 18:09:38','2021-03-29 18:10:02'),(7,1,'音像',1,2,'2021-03-29 18:09:38','2021-03-29 18:10:02'),(8,7,'音乐',1,3,'2021-03-29 18:09:38','2021-03-29 18:10:02'),(9,7,'影视',1,3,'2021-03-29 18:09:38','2021-03-29 18:10:02'),(10,7,'教育音像',1,3,'2021-03-29 18:09:38','2021-03-29 18:10:02'),(11,1,'英文原版',1,2,'2021-03-29 18:09:38','2021-03-29 18:10:02'),(12,11,'少儿',1,3,'2021-03-29 18:09:38','2021-03-29 18:10:02'),(13,11,'商务投资',1,3,'2021-03-29 18:09:38','2021-03-29 18:10:02'),(14,11,'英语学习与考试',1,3,'2021-03-29 18:09:38','2021-03-29 18:10:02'),(15,11,'小说',1,3,'2021-03-29 18:09:38','2021-03-29 18:10:02'),(16,11,'传记',1,3,'2021-03-29 18:09:38','2021-03-29 18:10:02'),(17,11,'励志',1,3,'2021-03-29 18:09:38','2021-03-29 18:10:02'),(18,1,'文艺',1,2,'2021-03-29 18:09:38','2021-03-29 18:10:02'),(19,18,'小说',1,3,'2021-03-29 18:09:38','2021-03-29 18:10:02'),(20,18,'文学',1,3,'2021-03-29 18:09:38','2021-03-29 18:10:02'),(21,18,'青春文学',1,3,'2021-03-29 18:09:38','2021-03-29 18:10:02'),(22,18,'传记',1,3,'2021-03-29 18:09:38','2021-03-29 18:10:02'),(23,18,'艺术',1,3,'2021-03-29 18:09:38','2021-03-29 18:10:02'),(24,1,'少儿',1,2,'2021-03-29 18:09:38','2021-03-29 18:10:02'),(25,24,'少儿',1,3,'2021-03-29 18:09:38','2021-03-29 18:10:02'),(26,24,'0-2岁',1,3,'2021-03-29 18:09:38','2021-03-29 18:10:02'),(27,24,'3-6岁',1,3,'2021-03-29 18:09:38','2021-03-29 18:10:02'),(28,24,'7-10岁',1,3,'2021-03-29 18:09:38','2021-03-29 18:10:02'),(29,24,'11-14岁',1,3,'2021-03-29 18:09:38','2021-03-29 18:10:02'),(30,1,'人文社科',1,2,'2021-03-29 18:09:38','2021-03-29 18:10:02'),(31,30,'历史',1,3,'2021-03-29 18:09:38','2021-03-29 18:10:02'),(32,30,'哲学',1,3,'2021-03-29 18:09:38','2021-03-29 18:10:02'),(33,30,'国学',1,3,'2021-03-29 18:09:38','2021-03-29 18:10:02'),(34,30,'政治/军事',1,3,'2021-03-29 18:09:38','2021-03-29 18:10:02'),(35,30,'法律',1,3,'2021-03-29 18:09:38','2021-03-29 18:10:02'),(36,30,'宗教',1,3,'2021-03-29 18:09:38','2021-03-29 18:10:02'),(37,30,'心理学',1,3,'2021-03-29 18:09:38','2021-03-29 18:10:02'),(38,30,'文化',1,3,'2021-03-29 18:09:38','2021-03-29 18:10:02'),(39,30,'社会科学',1,3,'2021-03-29 18:09:38','2021-03-29 18:10:02'),(40,1,'经管励志',1,2,'2021-03-29 18:09:38','2021-03-29 18:10:02'),(41,40,'经济',1,3,'2021-03-29 18:09:38','2021-03-29 18:10:02'),(42,40,'金融与投资',1,3,'2021-03-29 18:09:38','2021-03-29 18:10:02'),(43,40,'管理',1,3,'2021-03-29 18:09:38','2021-03-29 18:10:02'),(44,40,'励志与成功',1,3,'2021-03-29 18:09:38','2021-03-29 18:10:02'),(45,1,'生活',1,2,'2021-03-29 18:09:38','2021-03-29 18:10:02'),(46,45,'生活',1,3,'2021-03-29 18:09:38','2021-03-29 18:10:02'),(47,45,'健身与保健',1,3,'2021-03-29 18:09:38','2021-03-29 18:10:02'),(48,45,'家庭与育儿',1,3,'2021-03-29 18:09:38','2021-03-29 18:10:02'),(49,45,'旅游',1,3,'2021-03-29 18:09:38','2021-03-29 18:10:02'),(50,45,'动漫/幽默',1,3,'2021-03-29 18:09:38','2021-03-29 18:10:02'),(51,1,'科技',1,2,'2021-03-29 18:09:38','2021-03-29 18:10:02'),(52,51,'科技',1,3,'2021-03-29 18:09:38','2021-03-29 18:10:02'),(53,51,'工程',1,3,'2021-03-29 18:09:38','2021-03-29 18:10:02'),(54,51,'建筑',1,3,'2021-03-29 18:09:38','2021-03-29 18:10:02'),(55,51,'医学',1,3,'2021-03-29 18:09:38','2021-03-29 18:10:02'),(56,51,'科学与自然',1,3,'2021-03-29 18:09:38','2021-03-29 18:10:02'),(57,51,'计算机与互联网',1,3,'2021-03-29 18:09:38','2021-03-29 18:10:02'),(58,51,'体育/运动',1,3,'2021-03-29 18:09:38','2021-03-29 18:10:02'),(59,1,'教育',1,2,'2021-03-29 18:09:38','2021-03-29 18:10:02'),(60,59,'教材教辅',1,3,'2021-03-29 18:09:38','2021-03-29 18:10:02'),(61,59,'教育与考试',1,3,'2021-03-29 18:09:38','2021-03-29 18:10:02'),(62,59,'外语学习',1,3,'2021-03-29 18:09:38','2021-03-29 18:10:02'),(63,59,'新闻出版',1,3,'2021-03-29 18:09:38','2021-03-29 18:10:02'),(64,59,'语言文字',1,3,'2021-03-29 18:09:38','2021-03-29 18:10:02'),(65,1,'港台图书',1,2,'2021-03-29 18:09:38','2021-03-29 18:10:02'),(66,65,'艺术/设计/收藏',1,3,'2021-03-29 18:09:38','2021-03-29 18:10:02'),(67,65,'经济管理',1,3,'2021-03-29 18:09:38','2021-03-29 18:10:02'),(68,65,'文化/学术',1,3,'2021-03-29 18:09:38','2021-03-29 18:10:02'),(69,65,'少儿文学/国学',1,3,'2021-03-29 18:09:38','2021-03-29 18:10:02'),(70,1,'其它',1,2,'2021-03-29 18:09:38','2021-03-29 18:10:02'),(71,70,'工具书',1,3,'2021-03-29 18:09:38','2021-03-29 18:10:02'),(72,70,'影印版',1,3,'2021-03-29 18:09:38','2021-03-29 18:10:02'),(73,70,'套装书',1,3,'2021-03-29 18:09:38','2021-03-29 18:10:02'),(74,0,'家用电器',1,1,'2021-03-29 18:09:38','2021-03-29 18:10:02'),(75,74,'大 家 电',1,2,'2021-03-29 18:09:38','2021-03-29 18:10:02'),(76,75,'平板电视',1,3,'2021-03-29 18:09:38','2021-03-29 18:10:02'),(77,75,'空调',1,3,'2021-03-29 18:09:38','2021-03-29 18:10:02'),(78,75,'冰箱',1,3,'2021-03-29 18:09:38','2021-03-29 18:10:02'),(79,75,'洗衣机',1,3,'2021-03-29 18:09:38','2021-03-29 18:10:02'),(80,75,'家庭影院',1,3,'2021-03-29 18:09:38','2021-03-29 18:10:02'),(81,75,'DVD播放机',1,3,'2021-03-29 18:09:38','2021-03-29 18:10:02'),(82,75,'迷你音响',1,3,'2021-03-29 18:09:38','2021-03-29 18:10:02'),(83,75,'烟机/灶具',1,3,'2021-03-29 18:09:38','2021-03-29 18:10:02'),(84,75,'热水器',1,3,'2021-03-29 18:09:38','2021-03-29 18:10:02'),(85,75,'消毒柜/洗碗机',1,3,'2021-03-29 18:09:38','2021-03-29 18:10:02'),(86,75,'酒柜/冰吧/冷柜',1,3,'2021-03-29 18:09:38','2021-03-29 18:10:02'),(87,75,'家电配件',1,3,'2021-03-29 18:09:38','2021-03-29 18:10:02'),(88,75,'家电下乡',1,3,'2021-03-29 18:09:38','2021-03-29 18:10:02'),(89,74,'生活电器',1,2,'2021-03-29 18:09:38','2021-03-29 18:10:02'),(90,89,'电风扇',1,3,'2021-03-29 18:09:38','2021-03-29 18:10:02'),(91,89,'冷风扇',1,3,'2021-03-29 18:09:38','2021-03-29 18:10:02'),(92,89,'净化器',1,3,'2021-03-29 18:09:38','2021-03-29 18:10:02'),(93,89,'饮水机',1,3,'2021-03-29 18:09:38','2021-03-29 18:10:02'),(94,89,'净水设备',1,3,'2021-03-29 18:09:38','2021-03-29 18:10:02'),(95,89,'挂烫机/熨斗',1,3,'2021-03-29 18:09:38','2021-03-29 18:10:02'),(96,89,'吸尘器',1,3,'2021-03-29 18:09:38','2021-03-29 18:10:02'),(97,89,'电话机',1,3,'2021-03-29 18:09:38','2021-03-29 18:10:02'),(98,89,'插座',1,3,'2021-03-29 18:09:38','2021-03-29 18:10:02'),(99,89,'收录/音机',1,3,'2021-03-29 18:09:38','2021-03-29 18:10:02'),(100,89,'清洁机',1,3,'2021-03-29 18:09:38','2021-03-29 18:10:02'),(101,89,'加湿器',1,3,'2021-03-29 18:09:38','2021-03-29 18:10:02'),(102,89,'除湿机',1,3,'2021-03-29 18:09:38','2021-03-29 18:10:02'),(103,89,'取暖电器',1,3,'2021-03-29 18:09:38','2021-03-29 18:10:02'),(104,89,'其它生活电器',1,3,'2021-03-29 18:09:38','2021-03-29 18:10:02'),(105,89,'扫地机器人',1,3,'2021-03-29 18:09:38','2021-03-29 18:10:02'),(106,89,'干衣机',1,3,'2021-03-29 18:09:38','2021-03-29 18:10:02'),(107,89,'生活电器配件',1,3,'2021-03-29 18:09:38','2021-03-29 18:10:02'),(108,74,'厨房电器',1,2,'2021-03-29 18:09:38','2021-03-29 18:10:02'),(109,108,'料理/榨汁机',1,3,'2021-03-29 18:09:38','2021-03-29 18:10:02'),(110,108,'豆浆机',1,3,'2021-03-29 18:09:38','2021-03-29 18:10:02'),(111,108,'电饭煲',1,3,'2021-03-29 18:09:38','2021-03-29 18:10:02'),(112,108,'电压力锅',1,3,'2021-03-29 18:09:38','2021-03-29 18:10:02'),(113,108,'面包机',1,3,'2021-03-29 18:09:38','2021-03-29 18:10:02'),(114,108,'咖啡机',1,3,'2021-03-29 18:09:38','2021-03-29 18:10:02'),(115,108,'微波炉',1,3,'2021-03-29 18:09:38','2021-03-29 18:10:02'),(116,108,'电烤箱',1,3,'2021-03-29 18:09:38','2021-03-29 18:10:02'),(117,108,'电磁炉',1,3,'2021-03-29 18:09:38','2021-03-29 18:10:02'),(118,108,'电饼铛/烧烤盘',1,3,'2021-03-29 18:09:38','2021-03-29 18:10:02'),(119,108,'煮蛋器',1,3,'2021-03-29 18:09:38','2021-03-29 18:10:02'),(120,108,'酸奶机',1,3,'2021-03-29 18:09:38','2021-03-29 18:10:02'),(121,108,'电炖锅',1,3,'2021-03-29 18:09:38','2021-03-29 18:10:02'),(122,108,'电水壶/热水瓶',1,3,'2021-03-29 18:09:38','2021-03-29 18:10:02'),(123,108,'多用途锅',1,3,'2021-03-29 18:09:38','2021-03-29 18:10:02'),(124,108,'果蔬解毒机',1,3,'2021-03-29 18:09:38','2021-03-29 18:10:02'),(125,108,'其它厨房电器',1,3,'2021-03-29 18:09:38','2021-03-29 18:10:02'),(126,74,'个护健康',1,2,'2021-03-29 18:09:38','2021-03-29 18:10:02'),(127,126,'剃须刀',1,3,'2021-03-29 18:09:38','2021-03-29 18:10:02'),(128,126,'剃/脱毛器',1,3,'2021-03-29 18:09:38','2021-03-29 18:10:02'),(129,126,'口腔护理',1,3,'2021-03-29 18:09:38','2021-03-29 18:10:02'),(130,126,'电吹风',1,3,'2021-03-29 18:09:38','2021-03-29 18:10:02'),(131,126,'美容器',1,3,'2021-03-29 18:09:38','2021-03-29 18:10:02'),(132,126,'美发器',1,3,'2021-03-29 18:09:38','2021-03-29 18:10:02'),(133,126,'按摩椅',1,3,'2021-03-29 18:09:38','2021-03-29 18:10:02'),(134,126,'按摩器',1,3,'2021-03-29 18:09:38','2021-03-29 18:10:02'),(135,126,'足浴盆',1,3,'2021-03-29 18:09:38','2021-03-29 18:10:02'),(136,126,'血压计',1,3,'2021-03-29 18:09:38','2021-03-29 18:10:02'),(137,126,'健康秤/厨房秤',1,3,'2021-03-29 18:09:38','2021-03-29 18:10:02'),(138,126,'血糖仪',1,3,'2021-03-29 18:09:38','2021-03-29 18:10:02'),(139,126,'体温计',1,3,'2021-03-29 18:09:38','2021-03-29 18:10:02'),(140,126,'计步器/脂肪检测仪',1,3,'2021-03-29 18:09:38','2021-03-29 18:10:02'),(141,126,'其它健康电器',1,3,'2021-03-29 18:09:38','2021-03-29 18:10:02'),(142,74,'五金家装',1,2,'2021-03-29 18:09:38','2021-03-29 18:10:02'),(143,142,'电动工具',1,3,'2021-03-29 18:09:38','2021-03-29 18:10:02'),(144,142,'手动工具',1,3,'2021-03-29 18:09:38','2021-03-29 18:10:02'),(145,142,'仪器仪表',1,3,'2021-03-29 18:09:38','2021-03-29 18:10:02'),(146,142,'浴霸/排气扇',1,3,'2021-03-29 18:09:38','2021-03-29 18:10:02'),(147,142,'灯具',1,3,'2021-03-29 18:09:38','2021-03-29 18:10:02'),(148,142,'LED灯',1,3,'2021-03-29 18:09:38','2021-03-29 18:10:02'),(149,142,'洁身器',1,3,'2021-03-29 18:09:38','2021-03-29 18:10:02'),(150,142,'水槽',1,3,'2021-03-29 18:09:38','2021-03-29 18:10:02'),(151,142,'龙头',1,3,'2021-03-29 18:09:38','2021-03-29 18:10:02'),(152,142,'淋浴花洒',1,3,'2021-03-29 18:09:38','2021-03-29 18:10:02'),(153,142,'厨卫五金',1,3,'2021-03-29 18:09:38','2021-03-29 18:10:02'),(154,142,'家具五金',1,3,'2021-03-29 18:09:38','2021-03-29 18:10:02'),(155,142,'门铃',1,3,'2021-03-29 18:09:38','2021-03-29 18:10:02'),(156,142,'电气开关',1,3,'2021-03-29 18:09:38','2021-03-29 18:10:02'),(157,142,'插座',1,3,'2021-03-29 18:09:38','2021-03-29 18:10:02'),(158,142,'电工电料',1,3,'2021-03-29 18:09:38','2021-03-29 18:10:02'),(159,142,'监控安防',1,3,'2021-03-29 18:09:38','2021-03-29 18:10:02'),(160,142,'电线/线缆',1,3,'2021-03-29 18:09:38','2021-03-29 18:10:02'),(161,0,'电脑、办公',1,1,'2021-03-29 18:09:38','2021-03-29 18:10:02'),(162,161,'电脑整机',1,2,'2021-03-29 18:09:38','2021-03-29 18:10:02'),(163,162,'笔记本',1,3,'2021-03-29 18:09:38','2021-03-29 18:10:02'),(164,162,'超极本',1,3,'2021-03-29 18:09:38','2021-03-29 18:10:02'),(165,162,'游戏本',1,3,'2021-03-29 18:09:38','2021-03-29 18:10:02'),(166,162,'平板电脑',1,3,'2021-03-29 18:09:38','2021-03-29 18:10:02'),(167,162,'平板电脑配件',1,3,'2021-03-29 18:09:38','2021-03-29 18:10:02'),(168,162,'台式机',1,3,'2021-03-29 18:09:38','2021-03-29 18:10:02'),(169,162,'服务器/工作站',1,3,'2021-03-29 18:09:38','2021-03-29 18:10:02'),(170,162,'笔记本配件',1,3,'2021-03-29 18:09:38','2021-03-29 18:10:02'),(171,161,'电脑配件',1,2,'2021-03-29 18:09:38','2021-03-29 18:10:02'),(172,171,'CPU',1,3,'2021-03-29 18:09:38','2021-03-29 18:10:02'),(173,171,'主板',1,3,'2021-03-29 18:09:38','2021-03-29 18:10:02'),(174,171,'显卡',1,3,'2021-03-29 18:09:38','2021-03-29 18:10:02'),(175,171,'硬盘',1,3,'2021-03-29 18:09:38','2021-03-29 18:10:02'),(176,171,'SSD固态硬盘',1,3,'2021-03-29 18:09:38','2021-03-29 18:10:02'),(177,171,'内存',1,3,'2021-03-29 18:09:38','2021-03-29 18:10:02'),(178,171,'机箱',1,3,'2021-03-29 18:09:38','2021-03-29 18:10:02'),(179,171,'电源',1,3,'2021-03-29 18:09:38','2021-03-29 18:10:02'),(180,171,'显示器',1,3,'2021-03-29 18:09:38','2021-03-29 18:10:02'),(181,171,'刻录机/光驱',1,3,'2021-03-29 18:09:38','2021-03-29 18:10:02'),(182,171,'散热器',1,3,'2021-03-29 18:09:38','2021-03-29 18:10:02'),(183,171,'声卡/扩展卡',1,3,'2021-03-29 18:09:38','2021-03-29 18:10:02'),(184,171,'装机配件',1,3,'2021-03-29 18:09:38','2021-03-29 18:10:02'),(185,171,'组装电脑',1,3,'2021-03-29 18:09:38','2021-03-29 18:10:02'),(186,161,'外设产品',1,2,'2021-03-29 18:09:38','2021-03-29 18:10:02'),(187,186,'移动硬盘',1,3,'2021-03-29 18:09:38','2021-03-29 18:10:02'),(188,186,'U盘',1,3,'2021-03-29 18:09:38','2021-03-29 18:10:02'),(189,186,'鼠标',1,3,'2021-03-29 18:09:38','2021-03-29 18:10:02'),(190,186,'键盘',1,3,'2021-03-29 18:09:38','2021-03-29 18:10:02'),(191,186,'鼠标垫',1,3,'2021-03-29 18:09:38','2021-03-29 18:10:02'),(192,186,'摄像头',1,3,'2021-03-29 18:09:38','2021-03-29 18:10:02'),(193,186,'手写板',1,3,'2021-03-29 18:09:38','2021-03-29 18:10:02'),(194,186,'外置盒',1,3,'2021-03-29 18:09:38','2021-03-29 18:10:02'),(195,186,'插座',1,3,'2021-03-29 18:09:38','2021-03-29 18:10:02'),(196,186,'线缆',1,3,'2021-03-29 18:09:38','2021-03-29 18:10:02'),(197,186,'UPS电源',1,3,'2021-03-29 18:09:38','2021-03-29 18:10:02'),(198,186,'电脑工具',1,3,'2021-03-29 18:09:38','2021-03-29 18:10:02'),(199,186,'游戏设备',1,3,'2021-03-29 18:09:38','2021-03-29 18:10:02'),(200,186,'电玩',1,3,'2021-03-29 18:09:38','2021-03-29 18:10:02'),(201,186,'电脑清洁',1,3,'2021-03-29 18:09:38','2021-03-29 18:10:02'),(202,161,'网络产品',1,2,'2021-03-29 18:09:38','2021-03-29 18:10:02'),(203,202,'路由器',1,3,'2021-03-29 18:09:38','2021-03-29 18:10:02'),(204,202,'网卡',1,3,'2021-03-29 18:09:38','2021-03-29 18:10:02'),(205,202,'交换机',1,3,'2021-03-29 18:09:38','2021-03-29 18:10:02'),(206,202,'网络存储',1,3,'2021-03-29 18:09:38','2021-03-29 18:10:02'),(207,202,'4G/3G上网',1,3,'2021-03-29 18:09:38','2021-03-29 18:10:02'),(208,202,'网络盒子',1,3,'2021-03-29 18:09:38','2021-03-29 18:10:02'),(209,202,'网络配件',1,3,'2021-03-29 18:09:38','2021-03-29 18:10:02'),(210,161,'办公设备',1,2,'2021-03-29 18:09:38','2021-03-29 18:10:02'),(211,210,'投影机',1,3,'2021-03-29 18:09:38','2021-03-29 18:10:02'),(212,210,'投影配件',1,3,'2021-03-29 18:09:38','2021-03-29 18:10:02'),(213,210,'多功能一体机',1,3,'2021-03-29 18:09:38','2021-03-29 18:10:02'),(214,210,'打印机',1,3,'2021-03-29 18:09:38','2021-03-29 18:10:02'),(215,210,'传真设备',1,3,'2021-03-29 18:09:38','2021-03-29 18:10:02'),(216,210,'验钞/点钞机',1,3,'2021-03-29 18:09:38','2021-03-29 18:10:02'),(217,210,'扫描设备',1,3,'2021-03-29 18:09:38','2021-03-29 18:10:02'),(218,210,'复合机',1,3,'2021-03-29 18:09:38','2021-03-29 18:10:02'),(219,210,'碎纸机',1,3,'2021-03-29 18:09:38','2021-03-29 18:10:02'),(220,210,'考勤机',1,3,'2021-03-29 18:09:38','2021-03-29 18:10:02'),(221,210,'墨粉',1,3,'2021-03-29 18:09:38','2021-03-29 18:10:02'),(222,210,'收款/POS机',1,3,'2021-03-29 18:09:38','2021-03-29 18:10:02'),(223,210,'会议音频视频',1,3,'2021-03-29 18:09:38','2021-03-29 18:10:02'),(224,210,'保险柜',1,3,'2021-03-29 18:09:38','2021-03-29 18:10:02'),(225,210,'装订/封装机',1,3,'2021-03-29 18:09:38','2021-03-29 18:10:02'),(226,210,'安防监控',1,3,'2021-03-29 18:09:38','2021-03-29 18:10:02'),(227,210,'办公家具',1,3,'2021-03-29 18:09:38','2021-03-29 18:10:02'),(228,210,'白板',1,3,'2021-03-29 18:09:38','2021-03-29 18:10:02'),(229,161,'文具/耗材',1,2,'2021-03-29 18:09:38','2021-03-29 18:10:02'),(230,229,'硒鼓/墨粉',1,3,'2021-03-29 18:09:38','2021-03-29 18:10:02'),(231,229,'墨盒',1,3,'2021-03-29 18:09:38','2021-03-29 18:10:02'),(232,229,'色带',1,3,'2021-03-29 18:09:38','2021-03-29 18:10:02'),(233,229,'纸类',1,3,'2021-03-29 18:09:38','2021-03-29 18:10:02'),(234,229,'办公文具',1,3,'2021-03-29 18:09:38','2021-03-29 18:10:02'),(235,229,'学生文具',1,3,'2021-03-29 18:09:38','2021-03-29 18:10:02'),(236,229,'文件管理',1,3,'2021-03-29 18:09:38','2021-03-29 18:10:02'),(237,229,'财会用品',1,3,'2021-03-29 18:09:38','2021-03-29 18:10:02'),(238,229,'本册/便签',1,3,'2021-03-29 18:09:38','2021-03-29 18:10:02'),(239,229,'计算器',1,3,'2021-03-29 18:09:38','2021-03-29 18:10:02'),(240,229,'激光笔',1,3,'2021-03-29 18:09:38','2021-03-29 18:10:02'),(241,229,'笔类',1,3,'2021-03-29 18:09:38','2021-03-29 18:10:02'),(242,229,'画具画材',1,3,'2021-03-29 18:09:38','2021-03-29 18:10:02'),(243,229,'刻录碟片/附件',1,3,'2021-03-29 18:09:38','2021-03-29 18:10:02'),(244,161,'服务产品',1,2,'2021-03-29 18:09:38','2021-03-29 18:10:02'),(245,244,'上门服务',1,3,'2021-03-29 18:09:38','2021-03-29 18:10:02'),(246,244,'远程服务',1,3,'2021-03-29 18:09:38','2021-03-29 18:10:02'),(247,244,'电脑软件',1,3,'2021-03-29 18:09:38','2021-03-29 18:10:02'),(248,244,'京东服务',1,3,'2021-03-29 18:09:38','2021-03-29 18:10:02'),(249,0,'个护化妆',1,1,'2021-03-29 18:09:38','2021-03-29 18:10:02'),(250,249,'面部护肤',1,2,'2021-03-29 18:09:38','2021-03-29 18:10:02'),(251,250,'清洁',1,3,'2021-03-29 18:09:38','2021-03-29 18:10:03'),(252,250,'护肤',1,3,'2021-03-29 18:09:38','2021-03-29 18:10:03'),(253,250,'面膜',1,3,'2021-03-29 18:09:38','2021-03-29 18:10:03'),(254,250,'剃须',1,3,'2021-03-29 18:09:38','2021-03-29 18:10:03'),(255,250,'套装',1,3,'2021-03-29 18:09:38','2021-03-29 18:10:03'),(256,249,'身体护肤',1,2,'2021-03-29 18:09:38','2021-03-29 18:10:02'),(257,256,'沐浴',1,3,'2021-03-29 18:09:38','2021-03-29 18:10:03'),(258,256,'润肤',1,3,'2021-03-29 18:09:38','2021-03-29 18:10:03'),(259,256,'颈部',1,3,'2021-03-29 18:09:38','2021-03-29 18:10:03'),(260,256,'手足',1,3,'2021-03-29 18:09:38','2021-03-29 18:10:03'),(261,256,'纤体塑形',1,3,'2021-03-29 18:09:38','2021-03-29 18:10:03'),(262,256,'美胸',1,3,'2021-03-29 18:09:38','2021-03-29 18:10:03'),(263,256,'套装',1,3,'2021-03-29 18:09:38','2021-03-29 18:10:03'),(264,249,'口腔护理',1,2,'2021-03-29 18:09:38','2021-03-29 18:10:02'),(265,264,'牙膏/牙粉',1,3,'2021-03-29 18:09:38','2021-03-29 18:10:03'),(266,264,'牙刷/牙线',1,3,'2021-03-29 18:09:38','2021-03-29 18:10:03'),(267,264,'漱口水',1,3,'2021-03-29 18:09:38','2021-03-29 18:10:03'),(268,264,'套装',1,3,'2021-03-29 18:09:38','2021-03-29 18:10:03'),(269,249,'女性护理',1,2,'2021-03-29 18:09:38','2021-03-29 18:10:02'),(270,269,'卫生巾',1,3,'2021-03-29 18:09:38','2021-03-29 18:10:03'),(271,269,'卫生护垫',1,3,'2021-03-29 18:09:38','2021-03-29 18:10:03'),(272,269,'私密护理',1,3,'2021-03-29 18:09:38','2021-03-29 18:10:03'),(273,269,'脱毛膏',1,3,'2021-03-29 18:09:38','2021-03-29 18:10:03'),(274,249,'洗发护发',1,2,'2021-03-29 18:09:38','2021-03-29 18:10:02'),(275,274,'洗发',1,3,'2021-03-29 18:09:38','2021-03-29 18:10:03'),(276,274,'护发',1,3,'2021-03-29 18:09:38','2021-03-29 18:10:03'),(277,274,'染发',1,3,'2021-03-29 18:09:38','2021-03-29 18:10:03'),(278,274,'造型',1,3,'2021-03-29 18:09:38','2021-03-29 18:10:03'),(279,274,'假发',1,3,'2021-03-29 18:09:38','2021-03-29 18:10:03'),(280,274,'套装',1,3,'2021-03-29 18:09:38','2021-03-29 18:10:03'),(281,249,'香水彩妆',1,2,'2021-03-29 18:09:38','2021-03-29 18:10:02'),(282,281,'香水',1,3,'2021-03-29 18:09:38','2021-03-29 18:10:03'),(283,281,'底妆',1,3,'2021-03-29 18:09:38','2021-03-29 18:10:03'),(284,281,'腮红',1,3,'2021-03-29 18:09:38','2021-03-29 18:10:03'),(285,281,'眼部',1,3,'2021-03-29 18:09:38','2021-03-29 18:10:03'),(286,281,'唇部',1,3,'2021-03-29 18:09:38','2021-03-29 18:10:03'),(287,281,'美甲',1,3,'2021-03-29 18:09:38','2021-03-29 18:10:03'),(288,281,'美容工具',1,3,'2021-03-29 18:09:38','2021-03-29 18:10:03'),(289,281,'套装',1,3,'2021-03-29 18:09:38','2021-03-29 18:10:03'),(290,0,'钟表',1,1,'2021-03-29 18:09:38','2021-03-29 18:10:02'),(291,290,'钟表',1,2,'2021-03-29 18:09:38','2021-03-29 18:10:03'),(292,291,'男表',1,3,'2021-03-29 18:09:38','2021-03-29 18:10:03'),(293,291,'女表',1,3,'2021-03-29 18:09:38','2021-03-29 18:10:03'),(294,291,'儿童手表',1,3,'2021-03-29 18:09:38','2021-03-29 18:10:03'),(295,291,'座钟挂钟',1,3,'2021-03-29 18:09:38','2021-03-29 18:10:03'),(296,0,'母婴',1,1,'2021-03-29 18:09:38','2021-03-29 18:10:02'),(297,296,'奶粉',1,2,'2021-03-29 18:09:38','2021-03-29 18:10:03'),(298,297,'婴幼奶粉',1,3,'2021-03-29 18:09:38','2021-03-29 18:10:03'),(299,297,'成人奶粉',1,3,'2021-03-29 18:09:38','2021-03-29 18:10:03'),(300,296,'营养辅食',1,2,'2021-03-29 18:09:38','2021-03-29 18:10:03'),(301,300,'益生菌/初乳',1,3,'2021-03-29 18:09:38','2021-03-29 18:10:03'),(302,300,'米粉/菜粉',1,3,'2021-03-29 18:09:38','2021-03-29 18:10:03'),(303,300,'果泥/果汁',1,3,'2021-03-29 18:09:38','2021-03-29 18:10:03'),(304,300,'DHA',1,3,'2021-03-29 18:09:38','2021-03-29 18:10:03'),(305,300,'宝宝零食',1,3,'2021-03-29 18:09:38','2021-03-29 18:10:03'),(306,300,'钙铁锌/维生素',1,3,'2021-03-29 18:09:38','2021-03-29 18:10:03'),(307,300,'清火/开胃',1,3,'2021-03-29 18:09:38','2021-03-29 18:10:03'),(308,300,'面条/粥',1,3,'2021-03-29 18:09:38','2021-03-29 18:10:03'),(309,296,'尿裤湿巾',1,2,'2021-03-29 18:09:38','2021-03-29 18:10:03'),(310,309,'婴儿尿裤',1,3,'2021-03-29 18:09:38','2021-03-29 18:10:03'),(311,309,'拉拉裤',1,3,'2021-03-29 18:09:38','2021-03-29 18:10:03'),(312,309,'湿巾',1,3,'2021-03-29 18:09:38','2021-03-29 18:10:03'),(313,309,'成人尿裤',1,3,'2021-03-29 18:09:38','2021-03-29 18:10:03'),(314,296,'喂养用品',1,2,'2021-03-29 18:09:38','2021-03-29 18:10:03'),(315,314,'奶瓶奶嘴',1,3,'2021-03-29 18:09:38','2021-03-29 18:10:03'),(316,314,'吸奶器',1,3,'2021-03-29 18:09:38','2021-03-29 18:10:03'),(317,314,'暖奶消毒',1,3,'2021-03-29 18:09:38','2021-03-29 18:10:03'),(318,314,'碗盘叉勺',1,3,'2021-03-29 18:09:38','2021-03-29 18:10:03'),(319,314,'水壶/水杯',1,3,'2021-03-29 18:09:38','2021-03-29 18:10:03'),(320,314,'牙胶安抚',1,3,'2021-03-29 18:09:38','2021-03-29 18:10:03'),(321,314,'辅食料理机',1,3,'2021-03-29 18:09:38','2021-03-29 18:10:03'),(322,296,'洗护用品',1,2,'2021-03-29 18:09:38','2021-03-29 18:10:03'),(323,322,'宝宝护肤',1,3,'2021-03-29 18:09:38','2021-03-29 18:10:03'),(324,322,'宝宝洗浴',1,3,'2021-03-29 18:09:38','2021-03-29 18:10:03'),(325,322,'奶瓶清洗',1,3,'2021-03-29 18:09:38','2021-03-29 18:10:03'),(326,322,'驱蚊防蚊',1,3,'2021-03-29 18:09:38','2021-03-29 18:10:03'),(327,322,'理发器',1,3,'2021-03-29 18:09:38','2021-03-29 18:10:03'),(328,322,'洗衣液/皂',1,3,'2021-03-29 18:09:38','2021-03-29 18:10:03'),(329,322,'日常护理',1,3,'2021-03-29 18:09:38','2021-03-29 18:10:03'),(330,322,'座便器',1,3,'2021-03-29 18:09:38','2021-03-29 18:10:03'),(331,296,'童车童床',1,2,'2021-03-29 18:09:38','2021-03-29 18:10:03'),(332,331,'婴儿推车',1,3,'2021-03-29 18:09:38','2021-03-29 18:10:03'),(333,331,'餐椅摇椅',1,3,'2021-03-29 18:09:38','2021-03-29 18:10:03'),(334,331,'婴儿床',1,3,'2021-03-29 18:09:38','2021-03-29 18:10:03'),(335,331,'学步车',1,3,'2021-03-29 18:09:38','2021-03-29 18:10:03'),(336,331,'三轮车',1,3,'2021-03-29 18:09:38','2021-03-29 18:10:03'),(337,331,'自行车',1,3,'2021-03-29 18:09:38','2021-03-29 18:10:03'),(338,331,'电动车',1,3,'2021-03-29 18:09:38','2021-03-29 18:10:03'),(339,331,'扭扭车',1,3,'2021-03-29 18:09:38','2021-03-29 18:10:03'),(340,331,'滑板车',1,3,'2021-03-29 18:09:38','2021-03-29 18:10:03'),(341,296,'寝居服饰',1,2,'2021-03-29 18:09:38','2021-03-29 18:10:03'),(342,341,'婴儿外出服',1,3,'2021-03-29 18:09:38','2021-03-29 18:10:03'),(343,341,'婴儿内衣',1,3,'2021-03-29 18:09:38','2021-03-29 18:10:03'),(344,341,'婴儿礼盒',1,3,'2021-03-29 18:09:38','2021-03-29 18:10:03'),(345,341,'婴儿鞋帽袜',1,3,'2021-03-29 18:09:38','2021-03-29 18:10:03'),(346,341,'安全防护',1,3,'2021-03-29 18:09:38','2021-03-29 18:10:03'),(347,341,'家居床品',1,3,'2021-03-29 18:09:38','2021-03-29 18:10:03'),(348,296,'妈妈专区',1,2,'2021-03-29 18:09:38','2021-03-29 18:10:03'),(349,348,'妈咪包/背婴带',1,3,'2021-03-29 18:09:38','2021-03-29 18:10:03'),(350,348,'产后塑身',1,3,'2021-03-29 18:09:38','2021-03-29 18:10:03'),(351,348,'文胸/内裤',1,3,'2021-03-29 18:09:38','2021-03-29 18:10:03'),(352,348,'防辐射服',1,3,'2021-03-29 18:09:38','2021-03-29 18:10:03'),(353,348,'孕妇装',1,3,'2021-03-29 18:09:38','2021-03-29 18:10:03'),(354,348,'孕期营养',1,3,'2021-03-29 18:09:38','2021-03-29 18:10:03'),(355,348,'孕妈美容',1,3,'2021-03-29 18:09:38','2021-03-29 18:10:03'),(356,348,'待产/新生',1,3,'2021-03-29 18:09:38','2021-03-29 18:10:03'),(357,348,'月子装',1,3,'2021-03-29 18:09:38','2021-03-29 18:10:03'),(358,296,'童装童鞋',1,2,'2021-03-29 18:09:38','2021-03-29 18:10:03'),(359,358,'套装',1,3,'2021-03-29 18:09:38','2021-03-29 18:10:03'),(360,358,'上衣',1,3,'2021-03-29 18:09:38','2021-03-29 18:10:03'),(361,358,'裤子',1,3,'2021-03-29 18:09:38','2021-03-29 18:10:03'),(362,358,'裙子',1,3,'2021-03-29 18:09:38','2021-03-29 18:10:03'),(363,358,'内衣/家居服',1,3,'2021-03-29 18:09:38','2021-03-29 18:10:03'),(364,358,'羽绒服/棉服',1,3,'2021-03-29 18:09:38','2021-03-29 18:10:03'),(365,358,'亲子装',1,3,'2021-03-29 18:09:38','2021-03-29 18:10:03'),(366,358,'儿童配饰',1,3,'2021-03-29 18:09:38','2021-03-29 18:10:03'),(367,358,'礼服/演出服',1,3,'2021-03-29 18:09:38','2021-03-29 18:10:03'),(368,358,'运动鞋',1,3,'2021-03-29 18:09:38','2021-03-29 18:10:03'),(369,358,'皮鞋/帆布鞋',1,3,'2021-03-29 18:09:38','2021-03-29 18:10:03'),(370,358,'靴子',1,3,'2021-03-29 18:09:38','2021-03-29 18:10:03'),(371,358,'凉鞋',1,3,'2021-03-29 18:09:38','2021-03-29 18:10:03'),(372,358,'功能鞋',1,3,'2021-03-29 18:09:38','2021-03-29 18:10:03'),(373,358,'户外/运动服',1,3,'2021-03-29 18:09:38','2021-03-29 18:10:03'),(374,296,'安全座椅',1,2,'2021-03-29 18:09:38','2021-03-29 18:10:03'),(375,374,'提篮式',1,3,'2021-03-29 18:09:38','2021-03-29 18:10:03'),(376,374,'安全座椅',1,3,'2021-03-29 18:09:38','2021-03-29 18:10:03'),(377,374,'增高垫',1,3,'2021-03-29 18:09:38','2021-03-29 18:10:03'),(378,0,'食品饮料、保健食品',1,1,'2021-03-29 18:09:38','2021-03-29 18:10:02'),(379,378,'进口食品',1,2,'2021-03-29 18:09:38','2021-03-29 18:10:03'),(380,379,'饼干蛋糕',1,3,'2021-03-29 18:09:38','2021-03-29 18:10:03'),(381,379,'糖果/巧克力',1,3,'2021-03-29 18:09:38','2021-03-29 18:10:03'),(382,379,'休闲零食',1,3,'2021-03-29 18:09:38','2021-03-29 18:10:03'),(383,379,'冲调饮品',1,3,'2021-03-29 18:09:38','2021-03-29 18:10:03'),(384,379,'粮油调味',1,3,'2021-03-29 18:09:38','2021-03-29 18:10:03'),(385,379,'牛奶',1,3,'2021-03-29 18:09:38','2021-03-29 18:10:03'),(386,378,'地方特产',1,2,'2021-03-29 18:09:38','2021-03-29 18:10:03'),(387,386,'其他特产',1,3,'2021-03-29 18:09:38','2021-03-29 18:10:03'),(388,386,'新疆',1,3,'2021-03-29 18:09:38','2021-03-29 18:10:03'),(389,386,'北京',1,3,'2021-03-29 18:09:38','2021-03-29 18:10:03'),(390,386,'山西',1,3,'2021-03-29 18:09:38','2021-03-29 18:10:03'),(391,386,'内蒙古',1,3,'2021-03-29 18:09:38','2021-03-29 18:10:03'),(392,386,'福建',1,3,'2021-03-29 18:09:38','2021-03-29 18:10:03'),(393,386,'湖南',1,3,'2021-03-29 18:09:38','2021-03-29 18:10:03'),(394,386,'四川',1,3,'2021-03-29 18:09:38','2021-03-29 18:10:03'),(395,386,'云南',1,3,'2021-03-29 18:09:38','2021-03-29 18:10:03'),(396,386,'东北',1,3,'2021-03-29 18:09:38','2021-03-29 18:10:03'),(397,378,'休闲食品',1,2,'2021-03-29 18:09:38','2021-03-29 18:10:03'),(398,397,'休闲零食',1,3,'2021-03-29 18:09:38','2021-03-29 18:10:03'),(399,397,'坚果炒货',1,3,'2021-03-29 18:09:38','2021-03-29 18:10:03'),(400,397,'肉干肉脯',1,3,'2021-03-29 18:09:38','2021-03-29 18:10:03'),(401,397,'蜜饯果干',1,3,'2021-03-29 18:09:38','2021-03-29 18:10:03'),(402,397,'糖果/巧克力',1,3,'2021-03-29 18:09:38','2021-03-29 18:10:03'),(403,397,'饼干蛋糕',1,3,'2021-03-29 18:09:38','2021-03-29 18:10:03'),(404,397,'无糖食品',1,3,'2021-03-29 18:09:38','2021-03-29 18:10:03'),(405,378,'粮油调味',1,2,'2021-03-29 18:09:38','2021-03-29 18:10:03'),(406,405,'米面杂粮',1,3,'2021-03-29 18:09:38','2021-03-29 18:10:03'),(407,405,'食用油',1,3,'2021-03-29 18:09:38','2021-03-29 18:10:03'),(408,405,'调味品',1,3,'2021-03-29 18:09:38','2021-03-29 18:10:03'),(409,405,'南北干货',1,3,'2021-03-29 18:09:38','2021-03-29 18:10:03'),(410,405,'方便食品',1,3,'2021-03-29 18:09:38','2021-03-29 18:10:03'),(411,405,'有机食品',1,3,'2021-03-29 18:09:38','2021-03-29 18:10:03'),(412,378,'饮料冲调',1,2,'2021-03-29 18:09:38','2021-03-29 18:10:03'),(413,412,'饮用水',1,3,'2021-03-29 18:09:38','2021-03-29 18:10:03'),(414,412,'饮料',1,3,'2021-03-29 18:09:38','2021-03-29 18:10:03'),(415,412,'牛奶乳品',1,3,'2021-03-29 18:09:38','2021-03-29 18:10:03'),(416,412,'咖啡/奶茶',1,3,'2021-03-29 18:09:38','2021-03-29 18:10:03'),(417,412,'冲饮谷物',1,3,'2021-03-29 18:09:38','2021-03-29 18:10:03'),(418,412,'蜂蜜/柚子茶',1,3,'2021-03-29 18:09:38','2021-03-29 18:10:03'),(419,412,'成人奶粉',1,3,'2021-03-29 18:09:38','2021-03-29 18:10:03'),(420,378,'食品礼券',1,2,'2021-03-29 18:09:38','2021-03-29 18:10:03'),(421,420,'月饼',1,3,'2021-03-29 18:09:38','2021-03-29 18:10:03'),(422,420,'大闸蟹',1,3,'2021-03-29 18:09:38','2021-03-29 18:10:03'),(423,420,'粽子',1,3,'2021-03-29 18:09:38','2021-03-29 18:10:03'),(424,420,'卡券',1,3,'2021-03-29 18:09:38','2021-03-29 18:10:03'),(425,378,'茗茶',1,2,'2021-03-29 18:09:38','2021-03-29 18:10:03'),(426,425,'铁观音',1,3,'2021-03-29 18:09:38','2021-03-29 18:10:03'),(427,425,'普洱',1,3,'2021-03-29 18:09:38','2021-03-29 18:10:03'),(428,425,'龙井',1,3,'2021-03-29 18:09:38','2021-03-29 18:10:03'),(429,425,'绿茶',1,3,'2021-03-29 18:09:38','2021-03-29 18:10:03'),(430,425,'红茶',1,3,'2021-03-29 18:09:38','2021-03-29 18:10:03'),(431,425,'乌龙茶',1,3,'2021-03-29 18:09:38','2021-03-29 18:10:03'),(432,425,'花草茶',1,3,'2021-03-29 18:09:38','2021-03-29 18:10:03'),(433,425,'花果茶',1,3,'2021-03-29 18:09:38','2021-03-29 18:10:03'),(434,425,'养生茶',1,3,'2021-03-29 18:09:38','2021-03-29 18:10:03'),(435,425,'黑茶',1,3,'2021-03-29 18:09:38','2021-03-29 18:10:03'),(436,425,'白茶',1,3,'2021-03-29 18:09:38','2021-03-29 18:10:03'),(437,425,'其它茶',1,3,'2021-03-29 18:09:38','2021-03-29 18:10:03'),(438,0,'汽车用品',1,1,'2021-03-29 18:09:38','2021-03-29 18:10:02'),(439,438,'维修保养',1,2,'2021-03-29 18:09:38','2021-03-29 18:10:03'),(440,439,'润滑油',1,3,'2021-03-29 18:09:38','2021-03-29 18:10:03'),(441,439,'添加剂',1,3,'2021-03-29 18:09:38','2021-03-29 18:10:03'),(442,439,'防冻液',1,3,'2021-03-29 18:09:38','2021-03-29 18:10:03'),(443,439,'滤清器',1,3,'2021-03-29 18:09:38','2021-03-29 18:10:03'),(444,439,'火花塞',1,3,'2021-03-29 18:09:38','2021-03-29 18:10:03'),(445,439,'雨刷',1,3,'2021-03-29 18:09:38','2021-03-29 18:10:03'),(446,439,'车灯',1,3,'2021-03-29 18:09:38','2021-03-29 18:10:03'),(447,439,'后视镜',1,3,'2021-03-29 18:09:38','2021-03-29 18:10:03'),(448,439,'轮胎',1,3,'2021-03-29 18:09:38','2021-03-29 18:10:03'),(449,439,'轮毂',1,3,'2021-03-29 18:09:38','2021-03-29 18:10:03'),(450,439,'刹车片/盘',1,3,'2021-03-29 18:09:38','2021-03-29 18:10:03'),(451,439,'喇叭/皮带',1,3,'2021-03-29 18:09:38','2021-03-29 18:10:03'),(452,439,'蓄电池',1,3,'2021-03-29 18:09:38','2021-03-29 18:10:03'),(453,439,'底盘装甲/护板',1,3,'2021-03-29 18:09:38','2021-03-29 18:10:03'),(454,439,'贴膜',1,3,'2021-03-29 18:09:38','2021-03-29 18:10:03'),(455,439,'汽修工具',1,3,'2021-03-29 18:09:38','2021-03-29 18:10:03'),(456,438,'车载电器',1,2,'2021-03-29 18:09:38','2021-03-29 18:10:03'),(457,456,'导航仪',1,3,'2021-03-29 18:09:38','2021-03-29 18:10:03'),(458,456,'安全预警仪',1,3,'2021-03-29 18:09:38','2021-03-29 18:10:03'),(459,456,'行车记录仪',1,3,'2021-03-29 18:09:38','2021-03-29 18:10:03'),(460,456,'倒车雷达',1,3,'2021-03-29 18:09:38','2021-03-29 18:10:03'),(461,456,'蓝牙设备',1,3,'2021-03-29 18:09:38','2021-03-29 18:10:03'),(462,456,'时尚影音',1,3,'2021-03-29 18:09:38','2021-03-29 18:10:03'),(463,456,'净化器',1,3,'2021-03-29 18:09:38','2021-03-29 18:10:03'),(464,456,'电源',1,3,'2021-03-29 18:09:38','2021-03-29 18:10:03'),(465,456,'冰箱',1,3,'2021-03-29 18:09:38','2021-03-29 18:10:03'),(466,456,'吸尘器',1,3,'2021-03-29 18:09:38','2021-03-29 18:10:03'),(467,438,'美容清洗',1,2,'2021-03-29 18:09:38','2021-03-29 18:10:03'),(468,467,'车蜡',1,3,'2021-03-29 18:09:38','2021-03-29 18:10:03'),(469,467,'补漆笔',1,3,'2021-03-29 18:09:38','2021-03-29 18:10:03'),(470,467,'玻璃水',1,3,'2021-03-29 18:09:38','2021-03-29 18:10:03'),(471,467,'清洁剂',1,3,'2021-03-29 18:09:38','2021-03-29 18:10:03'),(472,467,'洗车工具',1,3,'2021-03-29 18:09:38','2021-03-29 18:10:03'),(473,467,'洗车配件',1,3,'2021-03-29 18:09:38','2021-03-29 18:10:03'),(474,438,'汽车装饰',1,2,'2021-03-29 18:09:38','2021-03-29 18:10:03'),(475,474,'脚垫',1,3,'2021-03-29 18:09:38','2021-03-29 18:10:03'),(476,474,'座垫',1,3,'2021-03-29 18:09:38','2021-03-29 18:10:03'),(477,474,'座套',1,3,'2021-03-29 18:09:38','2021-03-29 18:10:03'),(478,474,'后备箱垫',1,3,'2021-03-29 18:09:38','2021-03-29 18:10:03'),(479,474,'头枕腰靠',1,3,'2021-03-29 18:09:38','2021-03-29 18:10:03'),(480,474,'香水',1,3,'2021-03-29 18:09:38','2021-03-29 18:10:03'),(481,474,'空气净化',1,3,'2021-03-29 18:09:38','2021-03-29 18:10:03'),(482,474,'车内饰品',1,3,'2021-03-29 18:09:38','2021-03-29 18:10:03'),(483,474,'功能小件',1,3,'2021-03-29 18:09:38','2021-03-29 18:10:03'),(484,474,'车身装饰件',1,3,'2021-03-29 18:09:38','2021-03-29 18:10:03'),(485,474,'车衣',1,3,'2021-03-29 18:09:38','2021-03-29 18:10:03'),(486,438,'安全自驾',1,2,'2021-03-29 18:09:38','2021-03-29 18:10:03'),(487,486,'安全座椅',1,3,'2021-03-29 18:09:38','2021-03-29 18:10:03'),(488,486,'胎压充气',1,3,'2021-03-29 18:09:38','2021-03-29 18:10:03'),(489,486,'防盗设备',1,3,'2021-03-29 18:09:38','2021-03-29 18:10:03'),(490,486,'应急救援',1,3,'2021-03-29 18:09:38','2021-03-29 18:10:03'),(491,486,'保温箱',1,3,'2021-03-29 18:09:38','2021-03-29 18:10:03'),(492,486,'储物箱',1,3,'2021-03-29 18:09:38','2021-03-29 18:10:03'),(493,486,'自驾野营',1,3,'2021-03-29 18:09:38','2021-03-29 18:10:03'),(494,486,'摩托车装备',1,3,'2021-03-29 18:09:38','2021-03-29 18:10:03'),(495,0,'玩具乐器',1,1,'2021-03-29 18:09:38','2021-03-29 18:10:02'),(496,495,'适用年龄',1,2,'2021-03-29 18:09:38','2021-03-29 18:10:03'),(497,496,'0-6个月',1,3,'2021-03-29 18:09:38','2021-03-29 18:10:03'),(498,496,'6-12个月',1,3,'2021-03-29 18:09:38','2021-03-29 18:10:03'),(499,496,'1-3岁',1,3,'2021-03-29 18:09:38','2021-03-29 18:10:03'),(500,496,'3-6岁',1,3,'2021-03-29 18:09:38','2021-03-29 18:10:03'),(501,496,'6-14岁',1,3,'2021-03-29 18:09:38','2021-03-29 18:10:03'),(502,496,'14岁以上',1,3,'2021-03-29 18:09:38','2021-03-29 18:10:03'),(503,495,'遥控/电动',1,2,'2021-03-29 18:09:38','2021-03-29 18:10:03'),(504,503,'遥控车',1,3,'2021-03-29 18:09:38','2021-03-29 18:10:03'),(505,503,'遥控飞机',1,3,'2021-03-29 18:09:38','2021-03-29 18:10:03'),(506,503,'遥控船',1,3,'2021-03-29 18:09:38','2021-03-29 18:10:03'),(507,503,'机器人/电动',1,3,'2021-03-29 18:09:38','2021-03-29 18:10:03'),(508,503,'轨道/助力',1,3,'2021-03-29 18:09:38','2021-03-29 18:10:03'),(509,495,'毛绒布艺',1,2,'2021-03-29 18:09:38','2021-03-29 18:10:03'),(510,509,'毛绒/布艺',1,3,'2021-03-29 18:09:38','2021-03-29 18:10:03'),(511,509,'靠垫/抱枕',1,3,'2021-03-29 18:09:38','2021-03-29 18:10:03'),(512,495,'娃娃玩具',1,2,'2021-03-29 18:09:38','2021-03-29 18:10:03'),(513,512,'芭比娃娃',1,3,'2021-03-29 18:09:38','2021-03-29 18:10:03'),(514,512,'卡通娃娃',1,3,'2021-03-29 18:09:38','2021-03-29 18:10:03'),(515,512,'智能娃娃',1,3,'2021-03-29 18:09:38','2021-03-29 18:10:03'),(516,495,'模型玩具',1,2,'2021-03-29 18:09:38','2021-03-29 18:10:03'),(517,516,'仿真模型',1,3,'2021-03-29 18:09:38','2021-03-29 18:10:03'),(518,516,'拼插模型',1,3,'2021-03-29 18:09:38','2021-03-29 18:10:03'),(519,516,'收藏爱好',1,3,'2021-03-29 18:09:38','2021-03-29 18:10:03'),(520,495,'健身玩具',1,2,'2021-03-29 18:09:38','2021-03-29 18:10:03'),(521,520,'炫舞毯',1,3,'2021-03-29 18:09:38','2021-03-29 18:10:03'),(522,520,'爬行垫/毯',1,3,'2021-03-29 18:09:38','2021-03-29 18:10:03'),(523,520,'户外玩具',1,3,'2021-03-29 18:09:38','2021-03-29 18:10:03'),(524,520,'戏水玩具',1,3,'2021-03-29 18:09:38','2021-03-29 18:10:03'),(525,495,'动漫玩具',1,2,'2021-03-29 18:09:38','2021-03-29 18:10:03'),(526,525,'电影周边',1,3,'2021-03-29 18:09:38','2021-03-29 18:10:03'),(527,525,'卡通周边',1,3,'2021-03-29 18:09:38','2021-03-29 18:10:03'),(528,525,'网游周边',1,3,'2021-03-29 18:09:38','2021-03-29 18:10:03'),(529,495,'益智玩具',1,2,'2021-03-29 18:09:38','2021-03-29 18:10:03'),(530,529,'摇铃/床铃',1,3,'2021-03-29 18:09:38','2021-03-29 18:10:03'),(531,529,'健身架',1,3,'2021-03-29 18:09:38','2021-03-29 18:10:03'),(532,529,'早教启智',1,3,'2021-03-29 18:09:38','2021-03-29 18:10:03'),(533,529,'拖拉玩具',1,3,'2021-03-29 18:09:38','2021-03-29 18:10:03'),(534,495,'积木拼插',1,2,'2021-03-29 18:09:38','2021-03-29 18:10:03'),(535,534,'积木',1,3,'2021-03-29 18:09:38','2021-03-29 18:10:03'),(536,534,'拼图',1,3,'2021-03-29 18:09:38','2021-03-29 18:10:03'),(537,534,'磁力棒',1,3,'2021-03-29 18:09:38','2021-03-29 18:10:03'),(538,534,'立体拼插',1,3,'2021-03-29 18:09:38','2021-03-29 18:10:03'),(539,495,'DIY玩具',1,2,'2021-03-29 18:09:38','2021-03-29 18:10:03'),(540,539,'手工彩泥',1,3,'2021-03-29 18:09:38','2021-03-29 18:10:03'),(541,539,'绘画工具',1,3,'2021-03-29 18:09:38','2021-03-29 18:10:03'),(542,539,'情景玩具',1,3,'2021-03-29 18:09:38','2021-03-29 18:10:03'),(543,495,'创意减压',1,2,'2021-03-29 18:09:38','2021-03-29 18:10:03'),(544,543,'减压玩具',1,3,'2021-03-29 18:09:38','2021-03-29 18:10:03'),(545,543,'创意玩具',1,3,'2021-03-29 18:09:38','2021-03-29 18:10:03'),(546,495,'乐器相关',1,2,'2021-03-29 18:09:38','2021-03-29 18:10:03'),(547,546,'钢琴',1,3,'2021-03-29 18:09:38','2021-03-29 18:10:03'),(548,546,'电子琴',1,3,'2021-03-29 18:09:38','2021-03-29 18:10:03'),(549,546,'手风琴',1,3,'2021-03-29 18:09:38','2021-03-29 18:10:03'),(550,546,'吉他/贝斯',1,3,'2021-03-29 18:09:38','2021-03-29 18:10:03'),(551,546,'民族管弦乐器',1,3,'2021-03-29 18:09:38','2021-03-29 18:10:03'),(552,546,'西洋管弦乐',1,3,'2021-03-29 18:09:38','2021-03-29 18:10:03'),(553,546,'口琴/口风琴/竖笛',1,3,'2021-03-29 18:09:38','2021-03-29 18:10:03'),(554,546,'西洋打击乐器',1,3,'2021-03-29 18:09:38','2021-03-29 18:10:03'),(555,546,'各式乐器配件',1,3,'2021-03-29 18:09:38','2021-03-29 18:10:03'),(556,546,'电脑音乐',1,3,'2021-03-29 18:09:38','2021-03-29 18:10:03'),(557,546,'工艺礼品乐器',1,3,'2021-03-29 18:09:38','2021-03-29 18:10:03'),(558,0,'手机',1,1,'2021-03-29 18:09:38','2021-03-29 18:10:02'),(559,558,'手机通讯',1,2,'2021-03-29 18:09:38','2021-03-29 18:10:03'),(560,559,'手机',1,3,'2021-03-29 18:09:38','2021-03-29 18:10:03'),(561,559,'对讲机',1,3,'2021-03-29 18:09:38','2021-03-29 18:10:03'),(562,558,'运营商',1,2,'2021-03-29 18:09:38','2021-03-29 18:10:03'),(563,562,'购机送费',1,3,'2021-03-29 18:09:38','2021-03-29 18:10:03'),(564,562,'“0”元购机',1,3,'2021-03-29 18:09:38','2021-03-29 18:10:03'),(565,562,'选号中心',1,3,'2021-03-29 18:09:38','2021-03-29 18:10:03'),(566,562,'选号入网',1,3,'2021-03-29 18:09:38','2021-03-29 18:10:03'),(567,558,'手机配件',1,2,'2021-03-29 18:09:38','2021-03-29 18:10:03'),(568,567,'手机电池',1,3,'2021-03-29 18:09:38','2021-03-29 18:10:03'),(569,567,'蓝牙耳机',1,3,'2021-03-29 18:09:38','2021-03-29 18:10:03'),(570,567,'充电器/数据线',1,3,'2021-03-29 18:09:38','2021-03-29 18:10:03'),(571,567,'手机耳机',1,3,'2021-03-29 18:09:38','2021-03-29 18:10:03'),(572,567,'手机贴膜',1,3,'2021-03-29 18:09:38','2021-03-29 18:10:03'),(573,567,'手机存储卡',1,3,'2021-03-29 18:09:38','2021-03-29 18:10:03'),(574,567,'手机保护套',1,3,'2021-03-29 18:09:38','2021-03-29 18:10:03'),(575,567,'车载配件',1,3,'2021-03-29 18:09:38','2021-03-29 18:10:03'),(576,567,'iPhone 配件',1,3,'2021-03-29 18:09:38','2021-03-29 18:10:03'),(577,567,'创意配件',1,3,'2021-03-29 18:09:38','2021-03-29 18:10:03'),(578,567,'便携/无线音响',1,3,'2021-03-29 18:09:38','2021-03-29 18:10:03'),(579,567,'手机饰品',1,3,'2021-03-29 18:09:38','2021-03-29 18:10:03'),(580,0,'数码',1,1,'2021-03-29 18:09:38','2021-03-29 18:10:02'),(581,580,'摄影摄像',1,2,'2021-03-29 18:09:38','2021-03-29 18:10:03'),(582,581,'数码相机',1,3,'2021-03-29 18:09:38','2021-03-29 18:10:03'),(583,581,'单电/微单相机',1,3,'2021-03-29 18:09:38','2021-03-29 18:10:03'),(584,581,'单反相机',1,3,'2021-03-29 18:09:38','2021-03-29 18:10:03'),(585,581,'摄像机',1,3,'2021-03-29 18:09:38','2021-03-29 18:10:03'),(586,581,'拍立得',1,3,'2021-03-29 18:09:38','2021-03-29 18:10:03'),(587,581,'运动相机',1,3,'2021-03-29 18:09:38','2021-03-29 18:10:03'),(588,581,'镜头',1,3,'2021-03-29 18:09:38','2021-03-29 18:10:03'),(589,581,'户外器材',1,3,'2021-03-29 18:09:38','2021-03-29 18:10:03'),(590,581,'影棚器材',1,3,'2021-03-29 18:09:38','2021-03-29 18:10:03'),(591,580,'数码配件',1,2,'2021-03-29 18:09:38','2021-03-29 18:10:03'),(592,591,'存储卡',1,3,'2021-03-29 18:09:38','2021-03-29 18:10:03'),(593,591,'读卡器',1,3,'2021-03-29 18:09:38','2021-03-29 18:10:03'),(594,591,'滤镜',1,3,'2021-03-29 18:09:38','2021-03-29 18:10:03'),(595,591,'闪光灯/手柄',1,3,'2021-03-29 18:09:38','2021-03-29 18:10:03'),(596,591,'相机包',1,3,'2021-03-29 18:09:38','2021-03-29 18:10:03'),(597,591,'三脚架/云台',1,3,'2021-03-29 18:09:38','2021-03-29 18:10:03'),(598,591,'相机清洁',1,3,'2021-03-29 18:09:38','2021-03-29 18:10:03'),(599,591,'相机贴膜',1,3,'2021-03-29 18:09:38','2021-03-29 18:10:03'),(600,591,'机身附件',1,3,'2021-03-29 18:09:38','2021-03-29 18:10:03'),(601,591,'镜头附件',1,3,'2021-03-29 18:09:38','2021-03-29 18:10:03'),(602,591,'电池/充电器',1,3,'2021-03-29 18:09:38','2021-03-29 18:10:03'),(603,591,'移动电源',1,3,'2021-03-29 18:09:38','2021-03-29 18:10:03'),(604,580,'智能设备',1,2,'2021-03-29 18:09:38','2021-03-29 18:10:03'),(605,604,'智能手环',1,3,'2021-03-29 18:09:38','2021-03-29 18:10:03'),(606,604,'智能手表',1,3,'2021-03-29 18:09:38','2021-03-29 18:10:03'),(607,604,'智能眼镜',1,3,'2021-03-29 18:09:38','2021-03-29 18:10:03'),(608,604,'运动跟踪器',1,3,'2021-03-29 18:09:38','2021-03-29 18:10:03'),(609,604,'健康监测',1,3,'2021-03-29 18:09:38','2021-03-29 18:10:03'),(610,604,'智能配饰',1,3,'2021-03-29 18:09:38','2021-03-29 18:10:03'),(611,604,'智能家居',1,3,'2021-03-29 18:09:38','2021-03-29 18:10:03'),(612,604,'体感车',1,3,'2021-03-29 18:09:38','2021-03-29 18:10:03'),(613,604,'其他配件',1,3,'2021-03-29 18:09:38','2021-03-29 18:10:03'),(614,580,'时尚影音',1,2,'2021-03-29 18:09:38','2021-03-29 18:10:03'),(615,614,'MP3/MP4',1,3,'2021-03-29 18:09:38','2021-03-29 18:10:03'),(616,614,'智能设备',1,3,'2021-03-29 18:09:38','2021-03-29 18:10:03'),(617,614,'耳机/耳麦',1,3,'2021-03-29 18:09:38','2021-03-29 18:10:03'),(618,614,'音箱',1,3,'2021-03-29 18:09:38','2021-03-29 18:10:03'),(619,614,'高清播放器',1,3,'2021-03-29 18:09:38','2021-03-29 18:10:03'),(620,614,'MP3/MP4配件',1,3,'2021-03-29 18:09:38','2021-03-29 18:10:03'),(621,614,'麦克风',1,3,'2021-03-29 18:09:38','2021-03-29 18:10:03'),(622,614,'专业音频',1,3,'2021-03-29 18:09:38','2021-03-29 18:10:03'),(623,614,'数码相框',1,3,'2021-03-29 18:09:38','2021-03-29 18:10:03'),(624,614,'苹果配件',1,3,'2021-03-29 18:09:38','2021-03-29 18:10:03'),(625,580,'电子教育',1,2,'2021-03-29 18:09:38','2021-03-29 18:10:03'),(626,625,'电子词典',1,3,'2021-03-29 18:09:38','2021-03-29 18:10:03'),(627,625,'电纸书',1,3,'2021-03-29 18:09:38','2021-03-29 18:10:03'),(628,625,'录音笔',1,3,'2021-03-29 18:09:38','2021-03-29 18:10:03'),(629,625,'复读机',1,3,'2021-03-29 18:09:38','2021-03-29 18:10:03'),(630,625,'点读机/笔',1,3,'2021-03-29 18:09:38','2021-03-29 18:10:03'),(631,625,'学生平板',1,3,'2021-03-29 18:09:38','2021-03-29 18:10:03'),(632,625,'早教机',1,3,'2021-03-29 18:09:38','2021-03-29 18:10:03'),(633,0,'家居家装',1,1,'2021-03-29 18:09:38','2021-03-29 18:10:02'),(634,633,'家纺',1,2,'2021-03-29 18:09:38','2021-03-29 18:10:03'),(635,634,'床品套件',1,3,'2021-03-29 18:09:38','2021-03-29 18:10:03'),(636,634,'被子',1,3,'2021-03-29 18:09:38','2021-03-29 18:10:03'),(637,634,'枕芯',1,3,'2021-03-29 18:09:38','2021-03-29 18:10:03'),(638,634,'床单被罩',1,3,'2021-03-29 18:09:38','2021-03-29 18:10:03'),(639,634,'毯子',1,3,'2021-03-29 18:09:38','2021-03-29 18:10:03'),(640,634,'床垫/床褥',1,3,'2021-03-29 18:09:38','2021-03-29 18:10:03'),(641,634,'蚊帐',1,3,'2021-03-29 18:09:38','2021-03-29 18:10:03'),(642,634,'抱枕靠垫',1,3,'2021-03-29 18:09:38','2021-03-29 18:10:03'),(643,634,'毛巾浴巾',1,3,'2021-03-29 18:09:38','2021-03-29 18:10:03'),(644,634,'电热毯',1,3,'2021-03-29 18:09:38','2021-03-29 18:10:03'),(645,634,'窗帘/窗纱',1,3,'2021-03-29 18:09:38','2021-03-29 18:10:03'),(646,634,'布艺软饰',1,3,'2021-03-29 18:09:38','2021-03-29 18:10:03'),(647,634,'凉席',1,3,'2021-03-29 18:09:38','2021-03-29 18:10:03'),(648,633,'灯具',1,2,'2021-03-29 18:09:38','2021-03-29 18:10:03'),(649,648,'台灯',1,3,'2021-03-29 18:09:38','2021-03-29 18:10:03'),(650,648,'节能灯',1,3,'2021-03-29 18:09:38','2021-03-29 18:10:03'),(651,648,'装饰灯',1,3,'2021-03-29 18:09:38','2021-03-29 18:10:03'),(652,648,'落地灯',1,3,'2021-03-29 18:09:38','2021-03-29 18:10:03'),(653,648,'应急灯/手电',1,3,'2021-03-29 18:09:38','2021-03-29 18:10:03'),(654,648,'LED灯',1,3,'2021-03-29 18:09:38','2021-03-29 18:10:03'),(655,648,'吸顶灯',1,3,'2021-03-29 18:09:38','2021-03-29 18:10:03'),(656,648,'五金电器',1,3,'2021-03-29 18:09:38','2021-03-29 18:10:03'),(657,648,'筒灯射灯',1,3,'2021-03-29 18:09:38','2021-03-29 18:10:03'),(658,648,'吊灯',1,3,'2021-03-29 18:09:38','2021-03-29 18:10:03'),(659,648,'氛围照明',1,3,'2021-03-29 18:09:38','2021-03-29 18:10:03'),(660,633,'生活日用',1,2,'2021-03-29 18:09:38','2021-03-29 18:10:03'),(661,660,'收纳用品',1,3,'2021-03-29 18:09:38','2021-03-29 18:10:03'),(662,660,'雨伞雨具',1,3,'2021-03-29 18:09:38','2021-03-29 18:10:03'),(663,660,'浴室用品',1,3,'2021-03-29 18:09:38','2021-03-29 18:10:03'),(664,660,'缝纫/针织用品',1,3,'2021-03-29 18:09:38','2021-03-29 18:10:03'),(665,660,'洗晒/熨烫',1,3,'2021-03-29 18:09:38','2021-03-29 18:10:03'),(666,660,'净化除味',1,3,'2021-03-29 18:09:38','2021-03-29 18:10:03'),(667,633,'家装软饰',1,2,'2021-03-29 18:09:38','2021-03-29 18:10:03'),(668,667,'桌布/罩件',1,3,'2021-03-29 18:09:38','2021-03-29 18:10:03'),(669,667,'地毯地垫',1,3,'2021-03-29 18:09:38','2021-03-29 18:10:03'),(670,667,'沙发垫套/椅垫',1,3,'2021-03-29 18:09:38','2021-03-29 18:10:03'),(671,667,'相框/照片墙',1,3,'2021-03-29 18:09:38','2021-03-29 18:10:03'),(672,667,'装饰字画',1,3,'2021-03-29 18:09:38','2021-03-29 18:10:03'),(673,667,'节庆饰品',1,3,'2021-03-29 18:09:38','2021-03-29 18:10:03'),(674,667,'手工/十字绣',1,3,'2021-03-29 18:09:38','2021-03-29 18:10:03'),(675,667,'装饰摆件',1,3,'2021-03-29 18:09:38','2021-03-29 18:10:03'),(676,667,'保暖防护',1,3,'2021-03-29 18:09:38','2021-03-29 18:10:03'),(677,667,'帘艺隔断',1,3,'2021-03-29 18:09:38','2021-03-29 18:10:03'),(678,667,'墙贴/装饰贴',1,3,'2021-03-29 18:09:38','2021-03-29 18:10:03'),(679,667,'钟饰',1,3,'2021-03-29 18:09:38','2021-03-29 18:10:03'),(680,667,'花瓶花艺',1,3,'2021-03-29 18:09:38','2021-03-29 18:10:03'),(681,667,'香薰蜡烛',1,3,'2021-03-29 18:09:38','2021-03-29 18:10:03'),(682,667,'创意家居',1,3,'2021-03-29 18:09:38','2021-03-29 18:10:03'),(683,633,'清洁用品',1,2,'2021-03-29 18:09:38','2021-03-29 18:10:03'),(684,683,'纸品湿巾',1,3,'2021-03-29 18:09:38','2021-03-29 18:10:03'),(685,683,'衣物清洁',1,3,'2021-03-29 18:09:38','2021-03-29 18:10:03'),(686,683,'清洁工具',1,3,'2021-03-29 18:09:38','2021-03-29 18:10:03'),(687,683,'驱虫用品',1,3,'2021-03-29 18:09:38','2021-03-29 18:10:03'),(688,683,'家庭清洁',1,3,'2021-03-29 18:09:38','2021-03-29 18:10:03'),(689,683,'皮具护理',1,3,'2021-03-29 18:09:38','2021-03-29 18:10:03'),(690,683,'一次性用品',1,3,'2021-03-29 18:09:38','2021-03-29 18:10:03'),(691,633,'宠物生活',1,2,'2021-03-29 18:09:38','2021-03-29 18:10:03'),(692,691,'宠物主粮',1,3,'2021-03-29 18:09:38','2021-03-29 18:10:03'),(693,691,'宠物零食',1,3,'2021-03-29 18:09:38','2021-03-29 18:10:03'),(694,691,'医疗保健',1,3,'2021-03-29 18:09:38','2021-03-29 18:10:03'),(695,691,'家居日用',1,3,'2021-03-29 18:09:38','2021-03-29 18:10:03'),(696,691,'宠物玩具',1,3,'2021-03-29 18:09:38','2021-03-29 18:10:03'),(697,691,'出行装备',1,3,'2021-03-29 18:09:38','2021-03-29 18:10:03'),(698,691,'洗护美容',1,3,'2021-03-29 18:09:38','2021-03-29 18:10:03'),(699,0,'厨具',1,1,'2021-03-29 18:09:38','2021-03-29 18:10:02'),(700,699,'烹饪锅具',1,2,'2021-03-29 18:09:38','2021-03-29 18:10:03'),(701,700,'炒锅',1,3,'2021-03-29 18:09:38','2021-03-29 18:10:03'),(702,700,'煎锅',1,3,'2021-03-29 18:09:38','2021-03-29 18:10:03'),(703,700,'压力锅',1,3,'2021-03-29 18:09:38','2021-03-29 18:10:03'),(704,700,'蒸锅',1,3,'2021-03-29 18:09:38','2021-03-29 18:10:03'),(705,700,'汤锅',1,3,'2021-03-29 18:09:38','2021-03-29 18:10:03'),(706,700,'奶锅',1,3,'2021-03-29 18:09:38','2021-03-29 18:10:03'),(707,700,'锅具套装',1,3,'2021-03-29 18:09:38','2021-03-29 18:10:03'),(708,700,'煲类',1,3,'2021-03-29 18:09:38','2021-03-29 18:10:03'),(709,700,'水壶',1,3,'2021-03-29 18:09:38','2021-03-29 18:10:03'),(710,700,'火锅',1,3,'2021-03-29 18:09:38','2021-03-29 18:10:03'),(711,699,'刀剪菜板',1,2,'2021-03-29 18:09:38','2021-03-29 18:10:03'),(712,711,'菜刀',1,3,'2021-03-29 18:09:38','2021-03-29 18:10:03'),(713,711,'剪刀',1,3,'2021-03-29 18:09:38','2021-03-29 18:10:03'),(714,711,'刀具套装',1,3,'2021-03-29 18:09:38','2021-03-29 18:10:03'),(715,711,'砧板',1,3,'2021-03-29 18:09:38','2021-03-29 18:10:03'),(716,711,'瓜果刀/刨',1,3,'2021-03-29 18:09:38','2021-03-29 18:10:03'),(717,711,'多功能刀',1,3,'2021-03-29 18:09:38','2021-03-29 18:10:03'),(718,699,'厨房配件',1,2,'2021-03-29 18:09:38','2021-03-29 18:10:03'),(719,718,'保鲜盒',1,3,'2021-03-29 18:09:38','2021-03-29 18:10:03'),(720,718,'烘焙/烧烤',1,3,'2021-03-29 18:09:38','2021-03-29 18:10:03'),(721,718,'饭盒/提锅',1,3,'2021-03-29 18:09:38','2021-03-29 18:10:03'),(722,718,'储物/置物架',1,3,'2021-03-29 18:09:38','2021-03-29 18:10:03'),(723,718,'厨房DIY/小工具',1,3,'2021-03-29 18:09:38','2021-03-29 18:10:03'),(724,699,'水具酒具',1,2,'2021-03-29 18:09:38','2021-03-29 18:10:03'),(725,724,'塑料杯',1,3,'2021-03-29 18:09:38','2021-03-29 18:10:03'),(726,724,'运动水壶',1,3,'2021-03-29 18:09:38','2021-03-29 18:10:03'),(727,724,'玻璃杯',1,3,'2021-03-29 18:09:38','2021-03-29 18:10:03'),(728,724,'陶瓷/马克杯',1,3,'2021-03-29 18:09:38','2021-03-29 18:10:03'),(729,724,'保温杯',1,3,'2021-03-29 18:09:38','2021-03-29 18:10:03'),(730,724,'保温壶',1,3,'2021-03-29 18:09:38','2021-03-29 18:10:03'),(731,724,'酒杯/酒具',1,3,'2021-03-29 18:09:38','2021-03-29 18:10:03'),(732,724,'杯具套装',1,3,'2021-03-29 18:09:38','2021-03-29 18:10:03'),(733,699,'餐具',1,2,'2021-03-29 18:09:38','2021-03-29 18:10:03'),(734,733,'餐具套装',1,3,'2021-03-29 18:09:38','2021-03-29 18:10:03'),(735,733,'碗/碟/盘',1,3,'2021-03-29 18:09:38','2021-03-29 18:10:03'),(736,733,'筷勺/刀叉',1,3,'2021-03-29 18:09:38','2021-03-29 18:10:03'),(737,733,'一次性用品',1,3,'2021-03-29 18:09:38','2021-03-29 18:10:03'),(738,733,'果盘/果篮',1,3,'2021-03-29 18:09:38','2021-03-29 18:10:03'),(739,699,'茶具/咖啡具',1,2,'2021-03-29 18:09:38','2021-03-29 18:10:03'),(740,739,'整套茶具',1,3,'2021-03-29 18:09:38','2021-03-29 18:10:03'),(741,739,'茶杯',1,3,'2021-03-29 18:09:38','2021-03-29 18:10:03'),(742,739,'茶壶',1,3,'2021-03-29 18:09:38','2021-03-29 18:10:03'),(743,739,'茶盘茶托',1,3,'2021-03-29 18:09:38','2021-03-29 18:10:03'),(744,739,'茶叶罐',1,3,'2021-03-29 18:09:38','2021-03-29 18:10:03'),(745,739,'茶具配件',1,3,'2021-03-29 18:09:38','2021-03-29 18:10:03'),(746,739,'茶宠摆件',1,3,'2021-03-29 18:09:38','2021-03-29 18:10:03'),(747,739,'咖啡具',1,3,'2021-03-29 18:09:38','2021-03-29 18:10:03'),(748,739,'其他',1,3,'2021-03-29 18:09:38','2021-03-29 18:10:03'),(749,0,'服饰内衣',1,1,'2021-03-29 18:09:38','2021-03-29 18:10:02'),(750,749,'女装',1,2,'2021-03-29 18:09:38','2021-03-29 18:10:03'),(751,750,'T恤',1,3,'2021-03-29 18:09:38','2021-03-29 18:10:03'),(752,750,'衬衫',1,3,'2021-03-29 18:09:38','2021-03-29 18:10:03'),(753,750,'针织衫',1,3,'2021-03-29 18:09:38','2021-03-29 18:10:03'),(754,750,'雪纺衫',1,3,'2021-03-29 18:09:38','2021-03-29 18:10:03'),(755,750,'卫衣',1,3,'2021-03-29 18:09:38','2021-03-29 18:10:03'),(756,750,'马甲',1,3,'2021-03-29 18:09:38','2021-03-29 18:10:03'),(757,750,'连衣裙',1,3,'2021-03-29 18:09:38','2021-03-29 18:10:03'),(758,750,'半身裙',1,3,'2021-03-29 18:09:38','2021-03-29 18:10:03'),(759,750,'牛仔裤',1,3,'2021-03-29 18:09:38','2021-03-29 18:10:03'),(760,750,'休闲裤',1,3,'2021-03-29 18:09:38','2021-03-29 18:10:03'),(761,750,'打底裤',1,3,'2021-03-29 18:09:38','2021-03-29 18:10:03'),(762,750,'正装裤',1,3,'2021-03-29 18:09:38','2021-03-29 18:10:03'),(763,750,'小西装',1,3,'2021-03-29 18:09:38','2021-03-29 18:10:03'),(764,750,'短外套',1,3,'2021-03-29 18:09:38','2021-03-29 18:10:03'),(765,750,'风衣',1,3,'2021-03-29 18:09:38','2021-03-29 18:10:03'),(766,750,'毛呢大衣',1,3,'2021-03-29 18:09:38','2021-03-29 18:10:03'),(767,750,'真皮皮衣',1,3,'2021-03-29 18:09:38','2021-03-29 18:10:03'),(768,750,'棉服',1,3,'2021-03-29 18:09:38','2021-03-29 18:10:03'),(769,750,'羽绒服',1,3,'2021-03-29 18:09:38','2021-03-29 18:10:03'),(770,750,'大码女装',1,3,'2021-03-29 18:09:38','2021-03-29 18:10:03'),(771,750,'中老年女装',1,3,'2021-03-29 18:09:38','2021-03-29 18:10:03'),(772,750,'婚纱',1,3,'2021-03-29 18:09:38','2021-03-29 18:10:03'),(773,750,'打底衫',1,3,'2021-03-29 18:09:38','2021-03-29 18:10:03'),(774,750,'旗袍/唐装',1,3,'2021-03-29 18:09:38','2021-03-29 18:10:03'),(775,750,'加绒裤',1,3,'2021-03-29 18:09:38','2021-03-29 18:10:03'),(776,750,'吊带/背心',1,3,'2021-03-29 18:09:38','2021-03-29 18:10:03'),(777,750,'羊绒衫',1,3,'2021-03-29 18:09:38','2021-03-29 18:10:03'),(778,750,'短裤',1,3,'2021-03-29 18:09:38','2021-03-29 18:10:03'),(779,750,'皮草',1,3,'2021-03-29 18:09:38','2021-03-29 18:10:03'),(780,750,'礼服',1,3,'2021-03-29 18:09:38','2021-03-29 18:10:03'),(781,750,'仿皮皮衣',1,3,'2021-03-29 18:09:38','2021-03-29 18:10:03'),(782,750,'羊毛衫',1,3,'2021-03-29 18:09:38','2021-03-29 18:10:03'),(783,750,'设计师/潮牌',1,3,'2021-03-29 18:09:38','2021-03-29 18:10:03'),(784,749,'男装',1,2,'2021-03-29 18:09:38','2021-03-29 18:10:03'),(785,784,'衬衫',1,3,'2021-03-29 18:09:38','2021-03-29 18:10:03'),(786,784,'T恤',1,3,'2021-03-29 18:09:38','2021-03-29 18:10:03'),(787,784,'POLO衫',1,3,'2021-03-29 18:09:38','2021-03-29 18:10:03'),(788,784,'针织衫',1,3,'2021-03-29 18:09:38','2021-03-29 18:10:03'),(789,784,'羊绒衫',1,3,'2021-03-29 18:09:38','2021-03-29 18:10:03'),(790,784,'卫衣',1,3,'2021-03-29 18:09:38','2021-03-29 18:10:03'),(791,784,'马甲/背心',1,3,'2021-03-29 18:09:38','2021-03-29 18:10:03'),(792,784,'夹克',1,3,'2021-03-29 18:09:38','2021-03-29 18:10:03'),(793,784,'风衣',1,3,'2021-03-29 18:09:38','2021-03-29 18:10:03'),(794,784,'毛呢大衣',1,3,'2021-03-29 18:09:38','2021-03-29 18:10:03'),(795,784,'仿皮皮衣',1,3,'2021-03-29 18:09:38','2021-03-29 18:10:03'),(796,784,'西服',1,3,'2021-03-29 18:09:38','2021-03-29 18:10:03'),(797,784,'棉服',1,3,'2021-03-29 18:09:38','2021-03-29 18:10:03'),(798,784,'羽绒服',1,3,'2021-03-29 18:09:38','2021-03-29 18:10:03'),(799,784,'牛仔裤',1,3,'2021-03-29 18:09:38','2021-03-29 18:10:03'),(800,784,'休闲裤',1,3,'2021-03-29 18:09:38','2021-03-29 18:10:03'),(801,784,'西裤',1,3,'2021-03-29 18:09:38','2021-03-29 18:10:03'),(802,784,'西服套装',1,3,'2021-03-29 18:09:38','2021-03-29 18:10:03'),(803,784,'大码男装',1,3,'2021-03-29 18:09:38','2021-03-29 18:10:03'),(804,784,'中老年男装',1,3,'2021-03-29 18:09:38','2021-03-29 18:10:03'),(805,784,'唐装/中山装',1,3,'2021-03-29 18:09:38','2021-03-29 18:10:03'),(806,784,'工装',1,3,'2021-03-29 18:09:38','2021-03-29 18:10:03'),(807,784,'真皮皮衣',1,3,'2021-03-29 18:09:38','2021-03-29 18:10:03'),(808,784,'加绒裤',1,3,'2021-03-29 18:09:38','2021-03-29 18:10:03'),(809,784,'卫裤/运动裤',1,3,'2021-03-29 18:09:38','2021-03-29 18:10:03'),(810,784,'短裤',1,3,'2021-03-29 18:09:38','2021-03-29 18:10:03'),(811,784,'设计师/潮牌',1,3,'2021-03-29 18:09:38','2021-03-29 18:10:03'),(812,784,'羊毛衫',1,3,'2021-03-29 18:09:38','2021-03-29 18:10:03'),(813,749,'内衣',1,2,'2021-03-29 18:09:38','2021-03-29 18:10:03'),(814,813,'文胸',1,3,'2021-03-29 18:09:38','2021-03-29 18:10:03'),(815,813,'女式内裤',1,3,'2021-03-29 18:09:38','2021-03-29 18:10:03'),(816,813,'男式内裤',1,3,'2021-03-29 18:09:38','2021-03-29 18:10:03'),(817,813,'睡衣/家居服',1,3,'2021-03-29 18:09:38','2021-03-29 18:10:03'),(818,813,'塑身美体',1,3,'2021-03-29 18:09:38','2021-03-29 18:10:03'),(819,813,'泳衣',1,3,'2021-03-29 18:09:38','2021-03-29 18:10:03'),(820,813,'吊带/背心',1,3,'2021-03-29 18:09:38','2021-03-29 18:10:03'),(821,813,'抹胸',1,3,'2021-03-29 18:09:38','2021-03-29 18:10:03'),(822,813,'连裤袜/丝袜',1,3,'2021-03-29 18:09:38','2021-03-29 18:10:03'),(823,813,'美腿袜',1,3,'2021-03-29 18:09:38','2021-03-29 18:10:03'),(824,813,'商务男袜',1,3,'2021-03-29 18:09:38','2021-03-29 18:10:03'),(825,813,'保暖内衣',1,3,'2021-03-29 18:09:38','2021-03-29 18:10:03'),(826,813,'情侣睡衣',1,3,'2021-03-29 18:09:38','2021-03-29 18:10:03'),(827,813,'文胸套装',1,3,'2021-03-29 18:09:38','2021-03-29 18:10:03'),(828,813,'少女文胸',1,3,'2021-03-29 18:09:38','2021-03-29 18:10:03'),(829,813,'休闲棉袜',1,3,'2021-03-29 18:09:38','2021-03-29 18:10:03'),(830,813,'大码内衣',1,3,'2021-03-29 18:09:38','2021-03-29 18:10:03'),(831,813,'内衣配件',1,3,'2021-03-29 18:09:38','2021-03-29 18:10:03'),(832,813,'打底裤袜',1,3,'2021-03-29 18:09:38','2021-03-29 18:10:03'),(833,813,'打底衫',1,3,'2021-03-29 18:09:38','2021-03-29 18:10:03'),(834,813,'秋衣秋裤',1,3,'2021-03-29 18:09:38','2021-03-29 18:10:03'),(835,813,'情趣内衣',1,3,'2021-03-29 18:09:38','2021-03-29 18:10:03'),(836,749,'服饰配件',1,2,'2021-03-29 18:09:38','2021-03-29 18:10:03'),(837,836,'太阳镜',1,3,'2021-03-29 18:09:38','2021-03-29 18:10:03'),(838,836,'光学镜架/镜片',1,3,'2021-03-29 18:09:38','2021-03-29 18:10:03'),(839,836,'围巾/手套/帽子套装',1,3,'2021-03-29 18:09:38','2021-03-29 18:10:03'),(840,836,'袖扣',1,3,'2021-03-29 18:09:38','2021-03-29 18:10:03'),(841,836,'棒球帽',1,3,'2021-03-29 18:09:38','2021-03-29 18:10:03'),(842,836,'毛线帽',1,3,'2021-03-29 18:09:38','2021-03-29 18:10:03'),(843,836,'遮阳帽',1,3,'2021-03-29 18:09:38','2021-03-29 18:10:03'),(844,836,'老花镜',1,3,'2021-03-29 18:09:38','2021-03-29 18:10:03'),(845,836,'装饰眼镜',1,3,'2021-03-29 18:09:38','2021-03-29 18:10:03'),(846,836,'防辐射眼镜',1,3,'2021-03-29 18:09:38','2021-03-29 18:10:03'),(847,836,'游泳镜',1,3,'2021-03-29 18:09:38','2021-03-29 18:10:03'),(848,836,'女士丝巾/围巾/披肩',1,3,'2021-03-29 18:09:38','2021-03-29 18:10:03'),(849,836,'男士丝巾/围巾',1,3,'2021-03-29 18:09:38','2021-03-29 18:10:03'),(850,836,'鸭舌帽',1,3,'2021-03-29 18:09:38','2021-03-29 18:10:03'),(851,836,'贝雷帽',1,3,'2021-03-29 18:09:38','2021-03-29 18:10:03'),(852,836,'礼帽',1,3,'2021-03-29 18:09:38','2021-03-29 18:10:03'),(853,836,'真皮手套',1,3,'2021-03-29 18:09:38','2021-03-29 18:10:03'),(854,836,'毛线手套',1,3,'2021-03-29 18:09:38','2021-03-29 18:10:03'),(855,836,'防晒手套',1,3,'2021-03-29 18:09:38','2021-03-29 18:10:03'),(856,836,'男士腰带/礼盒',1,3,'2021-03-29 18:09:38','2021-03-29 18:10:03'),(857,836,'女士腰带/礼盒',1,3,'2021-03-29 18:09:38','2021-03-29 18:10:03'),(858,836,'钥匙扣',1,3,'2021-03-29 18:09:38','2021-03-29 18:10:03'),(859,836,'遮阳伞/雨伞',1,3,'2021-03-29 18:09:38','2021-03-29 18:10:03'),(860,836,'口罩',1,3,'2021-03-29 18:09:38','2021-03-29 18:10:03'),(861,836,'耳罩/耳包',1,3,'2021-03-29 18:09:38','2021-03-29 18:10:03'),(862,836,'假领',1,3,'2021-03-29 18:09:38','2021-03-29 18:10:03'),(863,836,'毛线/布面料',1,3,'2021-03-29 18:09:38','2021-03-29 18:10:03'),(864,836,'领带/领结/领带夹',1,3,'2021-03-29 18:09:38','2021-03-29 18:10:03'),(865,0,'鞋靴',1,1,'2021-03-29 18:09:38','2021-03-29 18:10:02'),(866,865,'流行男鞋',1,2,'2021-03-29 18:09:38','2021-03-29 18:10:03'),(867,866,'商务休闲鞋',1,3,'2021-03-29 18:09:38','2021-03-29 18:10:03'),(868,866,'正装鞋',1,3,'2021-03-29 18:09:38','2021-03-29 18:10:03'),(869,866,'休闲鞋',1,3,'2021-03-29 18:09:38','2021-03-29 18:10:03'),(870,866,'凉鞋/沙滩鞋',1,3,'2021-03-29 18:09:38','2021-03-29 18:10:03'),(871,866,'男靴',1,3,'2021-03-29 18:09:38','2021-03-29 18:10:03'),(872,866,'功能鞋',1,3,'2021-03-29 18:09:38','2021-03-29 18:10:03'),(873,866,'拖鞋/人字拖',1,3,'2021-03-29 18:09:38','2021-03-29 18:10:03'),(874,866,'雨鞋/雨靴',1,3,'2021-03-29 18:09:38','2021-03-29 18:10:03'),(875,866,'传统布鞋',1,3,'2021-03-29 18:09:38','2021-03-29 18:10:03'),(876,866,'鞋配件',1,3,'2021-03-29 18:09:38','2021-03-29 18:10:03'),(877,866,'帆布鞋',1,3,'2021-03-29 18:09:38','2021-03-29 18:10:03'),(878,866,'增高鞋',1,3,'2021-03-29 18:09:38','2021-03-29 18:10:03'),(879,866,'工装鞋',1,3,'2021-03-29 18:09:38','2021-03-29 18:10:03'),(880,866,'定制鞋',1,3,'2021-03-29 18:09:38','2021-03-29 18:10:03'),(881,865,'时尚女鞋',1,2,'2021-03-29 18:09:38','2021-03-29 18:10:03'),(882,881,'高跟鞋',1,3,'2021-03-29 18:09:38','2021-03-29 18:10:03'),(883,881,'单鞋',1,3,'2021-03-29 18:09:38','2021-03-29 18:10:03'),(884,881,'休闲鞋',1,3,'2021-03-29 18:09:38','2021-03-29 18:10:03'),(885,881,'凉鞋',1,3,'2021-03-29 18:09:38','2021-03-29 18:10:03'),(886,881,'女靴',1,3,'2021-03-29 18:09:38','2021-03-29 18:10:03'),(887,881,'雪地靴',1,3,'2021-03-29 18:09:38','2021-03-29 18:10:03'),(888,881,'拖鞋/人字拖',1,3,'2021-03-29 18:09:38','2021-03-29 18:10:03'),(889,881,'踝靴',1,3,'2021-03-29 18:09:38','2021-03-29 18:10:03'),(890,881,'筒靴',1,3,'2021-03-29 18:09:38','2021-03-29 18:10:03'),(891,881,'帆布鞋',1,3,'2021-03-29 18:09:38','2021-03-29 18:10:03'),(892,881,'雨鞋/雨靴',1,3,'2021-03-29 18:09:38','2021-03-29 18:10:03'),(893,881,'妈妈鞋',1,3,'2021-03-29 18:09:38','2021-03-29 18:10:03'),(894,881,'鞋配件',1,3,'2021-03-29 18:09:38','2021-03-29 18:10:03'),(895,881,'特色鞋',1,3,'2021-03-29 18:09:38','2021-03-29 18:10:03'),(896,881,'鱼嘴鞋',1,3,'2021-03-29 18:09:38','2021-03-29 18:10:03'),(897,881,'布鞋/绣花鞋',1,3,'2021-03-29 18:09:38','2021-03-29 18:10:03'),(898,881,'马丁靴',1,3,'2021-03-29 18:09:38','2021-03-29 18:10:03'),(899,881,'坡跟鞋',1,3,'2021-03-29 18:09:38','2021-03-29 18:10:03'),(900,881,'松糕鞋',1,3,'2021-03-29 18:09:38','2021-03-29 18:10:03'),(901,881,'内增高',1,3,'2021-03-29 18:09:38','2021-03-29 18:10:03'),(902,881,'防水台',1,3,'2021-03-29 18:09:38','2021-03-29 18:10:03'),(903,0,'礼品箱包',1,1,'2021-03-29 18:09:38','2021-03-29 18:10:02'),(904,903,'潮流女包',1,2,'2021-03-29 18:09:38','2021-03-29 18:10:03'),(905,904,'钱包',1,3,'2021-03-29 18:09:38','2021-03-29 18:10:03'),(906,904,'手拿包/晚宴包',1,3,'2021-03-29 18:09:38','2021-03-29 18:10:03'),(907,904,'单肩包',1,3,'2021-03-29 18:09:38','2021-03-29 18:10:03'),(908,904,'双肩包',1,3,'2021-03-29 18:09:38','2021-03-29 18:10:03'),(909,904,'手提包',1,3,'2021-03-29 18:09:38','2021-03-29 18:10:03'),(910,904,'斜挎包',1,3,'2021-03-29 18:09:38','2021-03-29 18:10:03'),(911,904,'钥匙包',1,3,'2021-03-29 18:09:38','2021-03-29 18:10:03'),(912,904,'卡包/零钱包',1,3,'2021-03-29 18:09:38','2021-03-29 18:10:03'),(913,903,'精品男包',1,2,'2021-03-29 18:09:38','2021-03-29 18:10:03'),(914,913,'钱包/卡包',1,3,'2021-03-29 18:09:38','2021-03-29 18:10:03'),(915,913,'男士手包',1,3,'2021-03-29 18:09:38','2021-03-29 18:10:03'),(916,913,'商务公文包',1,3,'2021-03-29 18:09:38','2021-03-29 18:10:03'),(917,913,'双肩包',1,3,'2021-03-29 18:09:38','2021-03-29 18:10:03'),(918,913,'单肩/斜挎包',1,3,'2021-03-29 18:09:38','2021-03-29 18:10:03'),(919,913,'钥匙包',1,3,'2021-03-29 18:09:38','2021-03-29 18:10:03'),(920,903,'功能箱包',1,2,'2021-03-29 18:09:38','2021-03-29 18:10:03'),(921,920,'电脑包',1,3,'2021-03-29 18:09:38','2021-03-29 18:10:03'),(922,920,'拉杆箱/拉杆包',1,3,'2021-03-29 18:09:38','2021-03-29 18:10:03'),(923,920,'旅行包',1,3,'2021-03-29 18:09:38','2021-03-29 18:10:03'),(924,920,'旅行配件',1,3,'2021-03-29 18:09:38','2021-03-29 18:10:03'),(925,920,'休闲运动包',1,3,'2021-03-29 18:09:38','2021-03-29 18:10:03'),(926,920,'登山包',1,3,'2021-03-29 18:09:38','2021-03-29 18:10:03'),(927,920,'妈咪包',1,3,'2021-03-29 18:09:38','2021-03-29 18:10:03'),(928,920,'书包',1,3,'2021-03-29 18:09:38','2021-03-29 18:10:03'),(929,920,'相机包',1,3,'2021-03-29 18:09:38','2021-03-29 18:10:03'),(930,920,'腰包/胸包',1,3,'2021-03-29 18:09:38','2021-03-29 18:10:03'),(931,903,'礼品',1,2,'2021-03-29 18:09:38','2021-03-29 18:10:03'),(932,931,'火机烟具',1,3,'2021-03-29 18:09:38','2021-03-29 18:10:03'),(933,931,'礼品文具',1,3,'2021-03-29 18:09:38','2021-03-29 18:10:03'),(934,931,'军刀军具',1,3,'2021-03-29 18:09:38','2021-03-29 18:10:03'),(935,931,'收藏品',1,3,'2021-03-29 18:09:38','2021-03-29 18:10:03'),(936,931,'工艺礼品',1,3,'2021-03-29 18:09:38','2021-03-29 18:10:03'),(937,931,'创意礼品',1,3,'2021-03-29 18:09:38','2021-03-29 18:10:03'),(938,931,'礼盒礼券',1,3,'2021-03-29 18:09:38','2021-03-29 18:10:03'),(939,931,'鲜花绿植',1,3,'2021-03-29 18:09:38','2021-03-29 18:10:03'),(940,931,'婚庆用品',1,3,'2021-03-29 18:09:38','2021-03-29 18:10:03'),(941,931,'京东卡',1,3,'2021-03-29 18:09:38','2021-03-29 18:10:03'),(942,931,'美妆礼品',1,3,'2021-03-29 18:09:38','2021-03-29 18:10:03'),(943,931,'地方礼品',1,3,'2021-03-29 18:09:38','2021-03-29 18:10:03'),(944,931,'古董把玩',1,3,'2021-03-29 18:09:38','2021-03-29 18:10:03'),(945,903,'奢侈品',1,2,'2021-03-29 18:09:38','2021-03-29 18:10:03'),(946,945,'箱包',1,3,'2021-03-29 18:09:38','2021-03-29 18:10:03'),(947,945,'钱包',1,3,'2021-03-29 18:09:38','2021-03-29 18:10:03'),(948,945,'服饰',1,3,'2021-03-29 18:09:38','2021-03-29 18:10:03'),(949,945,'腰带',1,3,'2021-03-29 18:09:38','2021-03-29 18:10:03'),(950,945,'太阳镜/眼镜框',1,3,'2021-03-29 18:09:38','2021-03-29 18:10:03'),(951,945,'配件',1,3,'2021-03-29 18:09:38','2021-03-29 18:10:03'),(952,945,'鞋靴',1,3,'2021-03-29 18:09:38','2021-03-29 18:10:03'),(953,945,'饰品',1,3,'2021-03-29 18:09:38','2021-03-29 18:10:03'),(954,945,'名品腕表',1,3,'2021-03-29 18:09:38','2021-03-29 18:10:03'),(955,945,'高档化妆品',1,3,'2021-03-29 18:09:38','2021-03-29 18:10:03'),(956,903,'婚庆',1,2,'2021-03-29 18:09:38','2021-03-29 18:10:03'),(957,956,'婚嫁首饰',1,3,'2021-03-29 18:09:38','2021-03-29 18:10:03'),(958,956,'婚纱摄影',1,3,'2021-03-29 18:09:38','2021-03-29 18:10:03'),(959,956,'婚纱礼服',1,3,'2021-03-29 18:09:38','2021-03-29 18:10:03'),(960,956,'婚庆服务',1,3,'2021-03-29 18:09:38','2021-03-29 18:10:03'),(961,956,'婚庆礼品/用品',1,3,'2021-03-29 18:09:38','2021-03-29 18:10:03'),(962,956,'婚宴',1,3,'2021-03-29 18:09:38','2021-03-29 18:10:03'),(963,0,'珠宝',1,1,'2021-03-29 18:09:38','2021-03-29 18:10:02'),(964,963,'时尚饰品',1,2,'2021-03-29 18:09:38','2021-03-29 18:10:03'),(965,964,'项链',1,3,'2021-03-29 18:09:38','2021-03-29 18:10:03'),(966,964,'手链/脚链',1,3,'2021-03-29 18:09:38','2021-03-29 18:10:03'),(967,964,'戒指',1,3,'2021-03-29 18:09:38','2021-03-29 18:10:03'),(968,964,'耳饰',1,3,'2021-03-29 18:09:38','2021-03-29 18:10:03'),(969,964,'头饰',1,3,'2021-03-29 18:09:38','2021-03-29 18:10:03'),(970,964,'胸针',1,3,'2021-03-29 18:09:38','2021-03-29 18:10:03'),(971,964,'婚庆饰品',1,3,'2021-03-29 18:09:38','2021-03-29 18:10:03'),(972,964,'饰品配件',1,3,'2021-03-29 18:09:38','2021-03-29 18:10:03'),(973,963,'纯金K金饰品',1,2,'2021-03-29 18:09:38','2021-03-29 18:10:03'),(974,973,'吊坠/项链',1,3,'2021-03-29 18:09:38','2021-03-29 18:10:03'),(975,973,'手镯/手链/脚链',1,3,'2021-03-29 18:09:38','2021-03-29 18:10:03'),(976,973,'戒指',1,3,'2021-03-29 18:09:38','2021-03-29 18:10:03'),(977,973,'耳饰',1,3,'2021-03-29 18:09:38','2021-03-29 18:10:03'),(978,963,'金银投资',1,2,'2021-03-29 18:09:38','2021-03-29 18:10:03'),(979,978,'工艺金',1,3,'2021-03-29 18:09:38','2021-03-29 18:10:03'),(980,978,'工艺银',1,3,'2021-03-29 18:09:38','2021-03-29 18:10:03'),(981,963,'银饰',1,2,'2021-03-29 18:09:38','2021-03-29 18:10:03'),(982,981,'吊坠/项链',1,3,'2021-03-29 18:09:38','2021-03-29 18:10:03'),(983,981,'手镯/手链/脚链',1,3,'2021-03-29 18:09:38','2021-03-29 18:10:03'),(984,981,'戒指/耳饰',1,3,'2021-03-29 18:09:38','2021-03-29 18:10:03'),(985,981,'宝宝银饰',1,3,'2021-03-29 18:09:38','2021-03-29 18:10:03'),(986,981,'千足银手镯',1,3,'2021-03-29 18:09:38','2021-03-29 18:10:03'),(987,963,'钻石',1,2,'2021-03-29 18:09:38','2021-03-29 18:10:03'),(988,987,'裸钻',1,3,'2021-03-29 18:09:38','2021-03-29 18:10:03'),(989,987,'戒指',1,3,'2021-03-29 18:09:38','2021-03-29 18:10:03'),(990,987,'项链/吊坠',1,3,'2021-03-29 18:09:38','2021-03-29 18:10:03'),(991,987,'耳饰',1,3,'2021-03-29 18:09:38','2021-03-29 18:10:03'),(992,987,'手镯/手链',1,3,'2021-03-29 18:09:38','2021-03-29 18:10:03'),(993,963,'翡翠玉石',1,2,'2021-03-29 18:09:38','2021-03-29 18:10:03'),(994,993,'项链/吊坠',1,3,'2021-03-29 18:09:38','2021-03-29 18:10:03'),(995,993,'手镯/手串',1,3,'2021-03-29 18:09:38','2021-03-29 18:10:03'),(996,993,'戒指',1,3,'2021-03-29 18:09:38','2021-03-29 18:10:03'),(997,993,'耳饰',1,3,'2021-03-29 18:09:38','2021-03-29 18:10:03'),(998,993,'挂件/摆件/把件',1,3,'2021-03-29 18:09:38','2021-03-29 18:10:03'),(999,993,'高值收藏',1,3,'2021-03-29 18:09:38','2021-03-29 18:10:03'),(1000,963,'水晶玛瑙',1,2,'2021-03-29 18:09:38','2021-03-29 18:10:03'),(1001,1000,'项链/吊坠',1,3,'2021-03-29 18:09:38','2021-03-29 18:10:03'),(1002,1000,'耳饰',1,3,'2021-03-29 18:09:38','2021-03-29 18:10:03'),(1003,1000,'手镯/手链/脚链',1,3,'2021-03-29 18:09:38','2021-03-29 18:10:03'),(1004,1000,'戒指',1,3,'2021-03-29 18:09:38','2021-03-29 18:10:03'),(1005,1000,'头饰/胸针',1,3,'2021-03-29 18:09:38','2021-03-29 18:10:03'),(1006,1000,'摆件/挂件',1,3,'2021-03-29 18:09:38','2021-03-29 18:10:03'),(1007,963,'彩宝',1,2,'2021-03-29 18:09:38','2021-03-29 18:10:03'),(1008,1007,'项链/吊坠',1,3,'2021-03-29 18:09:38','2021-03-29 18:10:03'),(1009,1007,'耳饰',1,3,'2021-03-29 18:09:38','2021-03-29 18:10:03'),(1010,1007,'手镯/手链',1,3,'2021-03-29 18:09:38','2021-03-29 18:10:03'),(1011,1007,'戒指',1,3,'2021-03-29 18:09:38','2021-03-29 18:10:03'),(1012,963,'铂金',1,2,'2021-03-29 18:09:38','2021-03-29 18:10:03'),(1013,1012,'项链/吊坠',1,3,'2021-03-29 18:09:38','2021-03-29 18:10:03'),(1014,1012,'手镯/手链/脚链',1,3,'2021-03-29 18:09:38','2021-03-29 18:10:03'),(1015,1012,'戒指',1,3,'2021-03-29 18:09:38','2021-03-29 18:10:03'),(1016,1012,'耳饰',1,3,'2021-03-29 18:09:38','2021-03-29 18:10:03'),(1017,963,'天然木饰',1,2,'2021-03-29 18:09:38','2021-03-29 18:10:03'),(1018,1017,'小叶紫檀',1,3,'2021-03-29 18:09:38','2021-03-29 18:10:03'),(1019,1017,'黄花梨',1,3,'2021-03-29 18:09:38','2021-03-29 18:10:03'),(1020,1017,'沉香',1,3,'2021-03-29 18:09:38','2021-03-29 18:10:03'),(1021,1017,'金丝楠',1,3,'2021-03-29 18:09:38','2021-03-29 18:10:03'),(1022,1017,'菩提',1,3,'2021-03-29 18:09:38','2021-03-29 18:10:03'),(1023,1017,'其他',1,3,'2021-03-29 18:09:38','2021-03-29 18:10:03'),(1024,963,'珍珠',1,2,'2021-03-29 18:09:38','2021-03-29 18:10:03'),(1025,1024,'项链',1,3,'2021-03-29 18:09:38','2021-03-29 18:10:03'),(1026,1024,'吊坠',1,3,'2021-03-29 18:09:38','2021-03-29 18:10:03'),(1027,1024,'耳饰',1,3,'2021-03-29 18:09:38','2021-03-29 18:10:03'),(1028,1024,'手链',1,3,'2021-03-29 18:09:38','2021-03-29 18:10:03'),(1029,1024,'戒指',1,3,'2021-03-29 18:09:38','2021-03-29 18:10:03'),(1030,1024,'胸针',1,3,'2021-03-29 18:09:38','2021-03-29 18:10:03'),(1031,0,'运动健康',1,1,'2021-03-29 18:09:38','2021-03-29 18:10:02'),(1032,1031,'运动鞋包',1,2,'2021-03-29 18:09:38','2021-03-29 18:10:03'),(1033,1032,'休闲鞋',1,3,'2021-03-29 18:09:38','2021-03-29 18:10:03'),(1034,1032,'板鞋',1,3,'2021-03-29 18:09:38','2021-03-29 18:10:03'),(1035,1032,'帆布鞋',1,3,'2021-03-29 18:09:38','2021-03-29 18:10:03'),(1036,1032,'专项运动鞋',1,3,'2021-03-29 18:09:38','2021-03-29 18:10:03'),(1037,1032,'跑步鞋',1,3,'2021-03-29 18:09:38','2021-03-29 18:10:03'),(1038,1032,'篮球鞋',1,3,'2021-03-29 18:09:38','2021-03-29 18:10:03'),(1039,1032,'足球鞋',1,3,'2021-03-29 18:09:38','2021-03-29 18:10:03'),(1040,1032,'训练鞋',1,3,'2021-03-29 18:09:38','2021-03-29 18:10:03'),(1041,1032,'乒羽网鞋',1,3,'2021-03-29 18:09:38','2021-03-29 18:10:03'),(1042,1032,'拖鞋',1,3,'2021-03-29 18:09:38','2021-03-29 18:10:03'),(1043,1032,'运动包',1,3,'2021-03-29 18:09:38','2021-03-29 18:10:03'),(1044,1031,'运动服饰',1,2,'2021-03-29 18:09:38','2021-03-29 18:10:03'),(1045,1044,'运动配饰',1,3,'2021-03-29 18:09:38','2021-03-29 18:10:03'),(1046,1044,'羽绒服',1,3,'2021-03-29 18:09:38','2021-03-29 18:10:03'),(1047,1044,'毛衫/线衫',1,3,'2021-03-29 18:09:38','2021-03-29 18:10:03'),(1048,1044,'乒羽网服',1,3,'2021-03-29 18:09:38','2021-03-29 18:10:03'),(1049,1044,'训练服',1,3,'2021-03-29 18:09:38','2021-03-29 18:10:03'),(1050,1044,'运动背心',1,3,'2021-03-29 18:09:38','2021-03-29 18:10:03'),(1051,1044,'卫衣/套头衫',1,3,'2021-03-29 18:09:38','2021-03-29 18:10:03'),(1052,1044,'夹克/风衣',1,3,'2021-03-29 18:09:38','2021-03-29 18:10:03'),(1053,1044,'T恤',1,3,'2021-03-29 18:09:38','2021-03-29 18:10:03'),(1054,1044,'棉服',1,3,'2021-03-29 18:09:38','2021-03-29 18:10:03'),(1055,1044,'运动裤',1,3,'2021-03-29 18:09:38','2021-03-29 18:10:03'),(1056,1044,'套装',1,3,'2021-03-29 18:09:38','2021-03-29 18:10:03'),(1057,1031,'骑行运动',1,2,'2021-03-29 18:09:38','2021-03-29 18:10:03'),(1058,1057,'折叠车',1,3,'2021-03-29 18:09:38','2021-03-29 18:10:03'),(1059,1057,'山地车/公路车',1,3,'2021-03-29 18:09:38','2021-03-29 18:10:03'),(1060,1057,'电动车',1,3,'2021-03-29 18:09:38','2021-03-29 18:10:03'),(1061,1057,'其他整车',1,3,'2021-03-29 18:09:38','2021-03-29 18:10:03'),(1062,1057,'骑行服',1,3,'2021-03-29 18:09:38','2021-03-29 18:10:03'),(1063,1057,'骑行装备',1,3,'2021-03-29 18:09:38','2021-03-29 18:10:03'),(1064,1031,'垂钓用品',1,2,'2021-03-29 18:09:38','2021-03-29 18:10:03'),(1065,1064,'鱼竿鱼线',1,3,'2021-03-29 18:09:38','2021-03-29 18:10:03'),(1066,1064,'浮漂鱼饵',1,3,'2021-03-29 18:09:38','2021-03-29 18:10:03'),(1067,1064,'钓鱼桌椅',1,3,'2021-03-29 18:09:38','2021-03-29 18:10:03'),(1068,1064,'钓鱼配件',1,3,'2021-03-29 18:09:38','2021-03-29 18:10:03'),(1069,1064,'钓箱鱼包',1,3,'2021-03-29 18:09:38','2021-03-29 18:10:03'),(1070,1064,'其它',1,3,'2021-03-29 18:09:38','2021-03-29 18:10:03'),(1071,1031,'游泳用品',1,2,'2021-03-29 18:09:38','2021-03-29 18:10:03'),(1072,1071,'泳镜',1,3,'2021-03-29 18:09:38','2021-03-29 18:10:03'),(1073,1071,'泳帽',1,3,'2021-03-29 18:09:38','2021-03-29 18:10:03'),(1074,1071,'游泳包防水包',1,3,'2021-03-29 18:09:38','2021-03-29 18:10:03'),(1075,1071,'女士泳衣',1,3,'2021-03-29 18:09:38','2021-03-29 18:10:03'),(1076,1071,'男士泳衣',1,3,'2021-03-29 18:09:38','2021-03-29 18:10:03'),(1077,1071,'比基尼',1,3,'2021-03-29 18:09:38','2021-03-29 18:10:03'),(1078,1071,'其它',1,3,'2021-03-29 18:09:38','2021-03-29 18:10:03'),(1079,1031,'户外鞋服',1,2,'2021-03-29 18:09:38','2021-03-29 18:10:03'),(1080,1079,'冲锋衣裤',1,3,'2021-03-29 18:09:38','2021-03-29 18:10:03'),(1081,1079,'速干衣裤',1,3,'2021-03-29 18:09:38','2021-03-29 18:10:03'),(1082,1079,'滑雪服',1,3,'2021-03-29 18:09:38','2021-03-29 18:10:03'),(1083,1079,'羽绒服/棉服',1,3,'2021-03-29 18:09:38','2021-03-29 18:10:03'),(1084,1079,'休闲衣裤',1,3,'2021-03-29 18:09:38','2021-03-29 18:10:03'),(1085,1079,'抓绒衣裤',1,3,'2021-03-29 18:09:38','2021-03-29 18:10:03'),(1086,1079,'软壳衣裤',1,3,'2021-03-29 18:09:38','2021-03-29 18:10:03'),(1087,1079,'T恤',1,3,'2021-03-29 18:09:38','2021-03-29 18:10:03'),(1088,1079,'户外风衣',1,3,'2021-03-29 18:09:38','2021-03-29 18:10:03'),(1089,1079,'功能内衣',1,3,'2021-03-29 18:09:38','2021-03-29 18:10:03'),(1090,1079,'军迷服饰',1,3,'2021-03-29 18:09:38','2021-03-29 18:10:03'),(1091,1079,'登山鞋',1,3,'2021-03-29 18:09:38','2021-03-29 18:10:03'),(1092,1079,'雪地靴',1,3,'2021-03-29 18:09:38','2021-03-29 18:10:03'),(1093,1079,'徒步鞋',1,3,'2021-03-29 18:09:38','2021-03-29 18:10:03'),(1094,1079,'越野跑鞋',1,3,'2021-03-29 18:09:38','2021-03-29 18:10:03'),(1095,1079,'休闲鞋',1,3,'2021-03-29 18:09:38','2021-03-29 18:10:03'),(1096,1079,'工装鞋',1,3,'2021-03-29 18:09:38','2021-03-29 18:10:03'),(1097,1079,'溯溪鞋',1,3,'2021-03-29 18:09:38','2021-03-29 18:10:03'),(1098,1079,'沙滩/凉拖',1,3,'2021-03-29 18:09:38','2021-03-29 18:10:03'),(1099,1079,'户外袜',1,3,'2021-03-29 18:09:38','2021-03-29 18:10:03'),(1100,1031,'户外装备',1,2,'2021-03-29 18:09:38','2021-03-29 18:10:03'),(1101,1100,'帐篷/垫子',1,3,'2021-03-29 18:09:38','2021-03-29 18:10:03'),(1102,1100,'睡袋/吊床',1,3,'2021-03-29 18:09:38','2021-03-29 18:10:03'),(1103,1100,'登山攀岩',1,3,'2021-03-29 18:09:38','2021-03-29 18:10:03'),(1104,1100,'背包',1,3,'2021-03-29 18:09:38','2021-03-29 18:10:03'),(1105,1100,'户外配饰',1,3,'2021-03-29 18:09:38','2021-03-29 18:10:03'),(1106,1100,'户外照明',1,3,'2021-03-29 18:09:38','2021-03-29 18:10:03'),(1107,1100,'户外仪表',1,3,'2021-03-29 18:09:38','2021-03-29 18:10:03'),(1108,1100,'户外工具',1,3,'2021-03-29 18:09:38','2021-03-29 18:10:03'),(1109,1100,'望远镜',1,3,'2021-03-29 18:09:38','2021-03-29 18:10:03'),(1110,1100,'旅游用品',1,3,'2021-03-29 18:09:38','2021-03-29 18:10:03'),(1111,1100,'便携桌椅床',1,3,'2021-03-29 18:09:38','2021-03-29 18:10:03'),(1112,1100,'野餐烧烤',1,3,'2021-03-29 18:09:38','2021-03-29 18:10:03'),(1113,1100,'军迷用品',1,3,'2021-03-29 18:09:38','2021-03-29 18:10:03'),(1114,1100,'救援装备',1,3,'2021-03-29 18:09:38','2021-03-29 18:10:03'),(1115,1100,'滑雪装备',1,3,'2021-03-29 18:09:38','2021-03-29 18:10:03'),(1116,1100,'极限户外',1,3,'2021-03-29 18:09:38','2021-03-29 18:10:03'),(1117,1100,'冲浪潜水',1,3,'2021-03-29 18:09:38','2021-03-29 18:10:03'),(1118,1031,'健身训练',1,2,'2021-03-29 18:09:38','2021-03-29 18:10:03'),(1119,1118,'综合训练器',1,3,'2021-03-29 18:09:38','2021-03-29 18:10:03'),(1120,1118,'其他大型器械',1,3,'2021-03-29 18:09:38','2021-03-29 18:10:03'),(1121,1118,'哑铃',1,3,'2021-03-29 18:09:38','2021-03-29 18:10:03'),(1122,1118,'仰卧板/收腹机',1,3,'2021-03-29 18:09:38','2021-03-29 18:10:03'),(1123,1118,'其他中小型器材',1,3,'2021-03-29 18:09:38','2021-03-29 18:10:03'),(1124,1118,'瑜伽舞蹈',1,3,'2021-03-29 18:09:38','2021-03-29 18:10:03'),(1125,1118,'武术搏击',1,3,'2021-03-29 18:09:38','2021-03-29 18:10:03'),(1126,1118,'健身车/动感单车',1,3,'2021-03-29 18:09:38','2021-03-29 18:10:03'),(1127,1118,'跑步机',1,3,'2021-03-29 18:09:38','2021-03-29 18:10:03'),(1128,1118,'运动护具',1,3,'2021-03-29 18:09:38','2021-03-29 18:10:03'),(1129,1031,'纤体瑜伽',1,2,'2021-03-29 18:09:38','2021-03-29 18:10:03'),(1130,1129,'瑜伽垫',1,3,'2021-03-29 18:09:38','2021-03-29 18:10:03'),(1131,1129,'瑜伽服',1,3,'2021-03-29 18:09:38','2021-03-29 18:10:03'),(1132,1129,'瑜伽配件',1,3,'2021-03-29 18:09:38','2021-03-29 18:10:03'),(1133,1129,'瑜伽套装',1,3,'2021-03-29 18:09:38','2021-03-29 18:10:03'),(1134,1129,'舞蹈鞋服',1,3,'2021-03-29 18:09:38','2021-03-29 18:10:03'),(1135,1031,'体育用品',1,2,'2021-03-29 18:09:38','2021-03-29 18:10:03'),(1136,1135,'羽毛球',1,3,'2021-03-29 18:09:38','2021-03-29 18:10:03'),(1137,1135,'乒乓球',1,3,'2021-03-29 18:09:38','2021-03-29 18:10:03'),(1138,1135,'篮球',1,3,'2021-03-29 18:09:38','2021-03-29 18:10:03'),(1139,1135,'足球',1,3,'2021-03-29 18:09:38','2021-03-29 18:10:03'),(1140,1135,'网球',1,3,'2021-03-29 18:09:38','2021-03-29 18:10:03'),(1141,1135,'排球',1,3,'2021-03-29 18:09:38','2021-03-29 18:10:03'),(1142,1135,'高尔夫',1,3,'2021-03-29 18:09:38','2021-03-29 18:10:03'),(1143,1135,'台球',1,3,'2021-03-29 18:09:38','2021-03-29 18:10:03'),(1144,1135,'棋牌麻将',1,3,'2021-03-29 18:09:38','2021-03-29 18:10:03'),(1145,1135,'轮滑滑板',1,3,'2021-03-29 18:09:38','2021-03-29 18:10:03'),(1146,1135,'其他',1,3,'2021-03-29 18:09:38','2021-03-29 18:10:03'),(1147,0,'彩票、旅行、充值、票务',1,1,'2021-03-29 18:09:38','2021-03-29 18:10:02'),(1148,1147,'彩票',1,2,'2021-03-29 18:09:38','2021-03-29 18:10:03'),(1149,1148,'双色球',1,3,'2021-03-29 18:09:38','2021-03-29 18:10:03'),(1150,1148,'大乐透',1,3,'2021-03-29 18:09:38','2021-03-29 18:10:03'),(1151,1148,'福彩3D',1,3,'2021-03-29 18:09:38','2021-03-29 18:10:03'),(1152,1148,'排列三',1,3,'2021-03-29 18:09:38','2021-03-29 18:10:03'),(1153,1148,'排列五',1,3,'2021-03-29 18:09:38','2021-03-29 18:10:03'),(1154,1148,'七星彩',1,3,'2021-03-29 18:09:38','2021-03-29 18:10:03'),(1155,1148,'七乐彩',1,3,'2021-03-29 18:09:38','2021-03-29 18:10:03'),(1156,1148,'竞彩足球',1,3,'2021-03-29 18:09:38','2021-03-29 18:10:03'),(1157,1148,'竞彩篮球',1,3,'2021-03-29 18:09:38','2021-03-29 18:10:03'),(1158,1148,'新时时彩',1,3,'2021-03-29 18:09:38','2021-03-29 18:10:03'),(1159,1147,'机票',1,2,'2021-03-29 18:09:38','2021-03-29 18:10:03'),(1160,1159,'国内机票',1,3,'2021-03-29 18:09:38','2021-03-29 18:10:03'),(1161,1147,'酒店',1,2,'2021-03-29 18:09:38','2021-03-29 18:10:03'),(1162,1161,'国内酒店',1,3,'2021-03-29 18:09:38','2021-03-29 18:10:03'),(1163,1161,'酒店团购',1,3,'2021-03-29 18:09:38','2021-03-29 18:10:03'),(1164,1147,'旅行',1,2,'2021-03-29 18:09:38','2021-03-29 18:10:03'),(1165,1164,'度假',1,3,'2021-03-29 18:09:38','2021-03-29 18:10:03'),(1166,1164,'景点',1,3,'2021-03-29 18:09:38','2021-03-29 18:10:03'),(1167,1164,'租车',1,3,'2021-03-29 18:09:38','2021-03-29 18:10:03'),(1168,1164,'火车票',1,3,'2021-03-29 18:09:38','2021-03-29 18:10:03'),(1169,1164,'旅游团购',1,3,'2021-03-29 18:09:38','2021-03-29 18:10:03'),(1170,1147,'充值',1,2,'2021-03-29 18:09:38','2021-03-29 18:10:03'),(1171,1170,'手机充值',1,3,'2021-03-29 18:09:38','2021-03-29 18:10:03'),(1172,1147,'游戏',1,2,'2021-03-29 18:09:38','2021-03-29 18:10:03'),(1173,1172,'游戏点卡',1,3,'2021-03-29 18:09:38','2021-03-29 18:10:03'),(1174,1172,'QQ充值',1,3,'2021-03-29 18:09:38','2021-03-29 18:10:03'),(1175,1147,'票务',1,2,'2021-03-29 18:09:38','2021-03-29 18:10:03'),(1176,1175,'电影票',1,3,'2021-03-29 18:09:38','2021-03-29 18:10:03'),(1177,1175,'演唱会',1,3,'2021-03-29 18:09:38','2021-03-29 18:10:03'),(1178,1175,'话剧歌剧',1,3,'2021-03-29 18:09:38','2021-03-29 18:10:03'),(1179,1175,'音乐会',1,3,'2021-03-29 18:09:38','2021-03-29 18:10:03'),(1180,1175,'体育赛事',1,3,'2021-03-29 18:09:38','2021-03-29 18:10:03'),(1181,1175,'舞蹈芭蕾',1,3,'2021-03-29 18:09:38','2021-03-29 18:10:03'),(1182,1175,'戏曲综艺',1,3,'2021-03-29 18:09:38','2021-03-29 18:10:03');

/*Table structure for table `item_desc` */

DROP TABLE IF EXISTS `item_desc`;

CREATE TABLE `item_desc` (
  `id` int(11) NOT NULL COMMENT '商品ID',
  `item_desc` text COMMENT '商品描述',
  `created` datetime DEFAULT NULL COMMENT '创建时间',
  `updated` datetime DEFAULT NULL COMMENT '更新时间',
  PRIMARY KEY (`id`),
  KEY `item_id` (`id`)
) ENGINE=InnoDB DEFAULT CHARSET=utf8 COMMENT='商品描述表';

/*Data for the table `item_desc` */

insert  into `item_desc`(`id`,`item_desc`,`created`,`updated`) values (6,'<ul><li>品牌：&nbsp;<a href=\"https://list.jd.com/list.html?cat=9987,653,655&amp;ev=exbrand_8557\" rel=\"noopener noreferrer\" target=\"_blank\" style=\"color: rgb(94, 105, 173);\">华为（HUAWEI）</a></li><li>商品名称：华为Mate 40 Pro</li><li>商品编号：100009424247</li><li>商品毛重：0.575kg</li><li>商品产地：中国大陆</li><li>CPU型号：其他</li><li>运行内存：8GB</li><li>机身存储：128GB</li><li>存储卡：NM存储卡</li><li>摄像头数量：后置三摄</li><li>后摄主摄像素：5000万像素</li><li>前摄主摄像素：1300万像素</li><li>主屏幕尺寸（英寸）：其他英寸</li><li>分辨率：其它分辨率</li><li>屏幕比例：其它屏幕比例</li><li>屏幕前摄组合：其他</li><li>充电器：10V/4A；4.5V/5A；11V/6A；5V/2A；10V/2.25A；5V/4.5A；9V/2A</li><li>热点：无线充电，快速充电，防水防尘，NFC，屏幕指纹，高倍率变焦，曲面屏，5G，3D(ToF或结构光)，屏幕高刷新率</li><li>操作系统：其他OS</li></ul><p class=\"ql-align-right\"><a href=\"https://item.jd.com/100009424247.html#product-detail\" rel=\"noopener noreferrer\" target=\"_blank\" style=\"color: rgb(0, 90, 160);\">更多参数&gt;&gt;</a></p><p class=\"ql-align-center\"><a href=\"https://prodev.jd.com/mall/active/4MmNbTkve7YDv3cqfN65jyU54rSB/index.html\" rel=\"noopener noreferrer\" target=\"_blank\" style=\"color: rgb(102, 102, 102);\"><img src=\"https://img30.360buyimg.com/jgsq-productsoa/jfs/t1/175410/16/1288/138398/60643912Eb556f8dd/b5dddd77bfb1189d.jpg\"></a></p><p><br></p><p><br></p><p><br></p><p class=\"ql-align-center\"><img src=\"https://img30.360buyimg.com/sku/jfs/t1/171353/28/18918/597397/60792c26Ea7af3162/a3d01d86a26914c7.jpg\" height=\"1665\" width=\"750\"><img src=\"https://img30.360buyimg.com/sku/jfs/t1/170519/21/18918/252212/60792c26E3ffeec48/e72803fd0e0ee024.jpg\" height=\"1040\" width=\"750\"><img src=\"https://img30.360buyimg.com/sku/jfs/t1/127525/12/15934/192855/5f92ad88Ef1d8a1d0/308eeb396c1b4f0c.jpg\" height=\"980\" width=\"750\"><img src=\"https://img30.360buyimg.com/sku/jfs/t1/127737/29/16107/53864/5f92ad87E2f31013f/296cc6da2147e8c6.jpg\" height=\"980\" width=\"750\"><img src=\"https://img30.360buyimg.com/sku/jfs/t1/150644/33/4055/87380/5f92ad88Ec6dc8304/bcc4722ace0f3a26.jpg\" height=\"980\" width=\"750\"><img src=\"https://img30.360buyimg.com/sku/jfs/t1/138990/29/11931/107588/5f92ad88E8f593e81/aa10f6fb142f1cc7.jpg\" height=\"980\" width=\"750\"><img src=\"https://img30.360buyimg.com/sku/jfs/t1/147316/22/11802/90171/5f92ad88E126be777/49a8533ab4b2a0f1.jpg\" height=\"980\" width=\"750\"></p><p><br></p>','2021-04-16 17:10:53','2021-04-16 17:10:53'),(7,'<iframe class=\"ql-video\" frameborder=\"0\" allowfullscreen=\"true\" src=\"https://vod.300hu.com/4c1f7a6atransbjngwcloud1oss/70da0da8353541978833035265/v.f30.mp4?source=1&amp;h265=v.f1022_h265.mp4\"></iframe><p><br></p>','2021-04-19 11:02:01','2021-04-19 11:02:01'),(8,'<ul><li>品牌：&nbsp;<a href=\"https://list.jd.com/list.html?cat=9987,653,655&amp;ev=exbrand_316578\" target=\"_blank\" style=\"color: rgb(94, 105, 173);\">克里特（kreta）</a></li><li>商品名称：克里特（kreta）12Pro</li><li>商品编号：10023875891222</li><li>店铺：&nbsp;<a href=\"https://kreta.jd.com/\" target=\"_blank\" style=\"color: rgb(94, 105, 173);\">克里特KRETA手机官方旗舰店</a></li><li>商品毛重：0.8kg</li><li>商品产地：中国大陆</li><li>货号：12Pro</li><li>操作系统：Android(安卓)</li></ul><p class=\"ql-align-right\"><a href=\"https://item.jd.com/10023875891222.html#product-detail\" target=\"_blank\" style=\"color: rgb(0, 90, 160);\">更多参数&gt;&gt;</a></p><p><img src=\"https://img11.360buyimg.com/devfe/jfs/t19249/266/555939662/10324/447efd03/5a965eb2Nf83fd68c.jpg\" alt=\"品质生活\"></p><ul><li class=\"ql-align-center\"><a href=\"https://item.jd.com/10023875891222.html#none\" target=\"_blank\" style=\"color: rgb(102, 102, 102); background-color: initial;\"><img src=\"https://static.360buyimg.com/pop-vender-static/qua/2018/spu/images/qua_mark_refimg_52.png\"></a></li><li class=\"ql-align-center\"><a href=\"https://item.jd.com/10023875891222.html#none\" target=\"_blank\" style=\"color: rgb(102, 102, 102);\">电信设备进网许可证</a></li><li><a href=\"https://item.jd.com/10023875891222.html\" target=\"_blank\" style=\"color: rgb(243, 2, 19);\"><img src=\"https://img30.360buyimg.com/sku/jfs/t1/176413/34/5316/271325/607d2bd8E258ccd03/6a85805a7f71ad3e.jpg\"></a></li><li><br></li></ul><p><br></p>','2021-04-20 13:46:20','2021-04-20 13:46:20'),(9,'<p>fsdfsadsaddsf</p>','2021-05-21 17:28:27','2021-05-21 17:28:27'),(10,'<p>123123</p>','2021-05-21 17:30:04','2021-05-21 17:30:04'),(11,'<p>3123</p>','2021-05-21 17:38:55','2021-05-21 17:38:55'),(12,'<p>3234</p>','2021-05-21 17:42:04','2021-05-21 17:42:04');

/*Table structure for table `report` */

DROP TABLE IF EXISTS `report`;

CREATE TABLE `report` (
  `id` int(11) NOT NULL AUTO_INCREMENT,
  `name` varchar(40) DEFAULT NULL,
  `count` int(11) DEFAULT NULL,
  PRIMARY KEY (`id`)
) ENGINE=InnoDB AUTO_INCREMENT=7 DEFAULT CHARSET=utf8;

/*Data for the table `report` */

insert  into `report`(`id`,`name`,`count`) values (1,'平板',10),(2,'电视',24),(3,'手机',70),(4,'笔记本',34),(5,'液晶显示器',50),(6,'化妆品',60);

/*Table structure for table `rights` */

DROP TABLE IF EXISTS `rights`;

CREATE TABLE `rights` (
  `id` int(11) NOT NULL AUTO_INCREMENT,
  `name` varchar(40) DEFAULT NULL,
  `parent_id` int(11) DEFAULT NULL,
  `path` varchar(50) DEFAULT NULL,
  `level` int(11) DEFAULT NULL,
  `created` datetime DEFAULT NULL,
  `updated` datetime DEFAULT NULL,
  PRIMARY KEY (`id`)
) ENGINE=InnoDB AUTO_INCREMENT=16 DEFAULT CHARSET=utf8;

/*Data for the table `rights` */

insert  into `rights`(`id`,`name`,`parent_id`,`path`,`level`,`created`,`updated`) values (1,'用户管理',0,NULL,1,'2021-02-18 19:17:23','2021-02-18 19:17:23'),(2,'用户列表',1,'/user',2,'2021-02-18 19:22:19','2021-02-18 19:22:19'),(3,'商品管理',0,NULL,1,'2021-02-18 19:22:41','2021-02-18 19:22:41'),(4,'商品列表',3,'/item',2,'2021-02-18 19:23:12','2021-02-18 19:23:12'),(6,'商品分类',3,'/itemCat',2,'2021-02-18 19:25:00','2021-02-18 19:25:00'),(7,'权限管理',0,'',1,'2021-02-18 19:23:44','2021-02-18 19:23:44'),(8,'数据统计',0,NULL,1,'2021-02-18 19:24:12','2021-02-18 19:24:12'),(9,'权限列表',7,'/rights',2,'2021-02-18 19:24:12','2021-02-18 19:24:12'),(10,'角色列表',7,'/role',2,'2021-02-18 19:24:12','2021-02-18 19:24:12'),(11,'用户列表-新增按钮',2,NULL,3,'2021-02-18 19:24:12','2021-02-18 19:24:12'),(12,'用户列表-修改按钮',2,NULL,3,'2021-02-18 19:24:12','2021-02-18 19:24:12'),(13,'用户列表-删除按钮',2,NULL,3,'2021-02-18 19:24:12','2021-02-18 19:24:12'),(15,'统计报表',8,'/report',2,'2021-02-18 19:24:12','2021-02-18 19:24:12');

/*Table structure for table `role` */

DROP TABLE IF EXISTS `role`;

CREATE TABLE `role` (
  `role_id` int(11) NOT NULL AUTO_INCREMENT,
  `role_name` varchar(40) DEFAULT NULL,
  `role_duty` varchar(100) DEFAULT NULL,
  `role_status` tinyint(4) DEFAULT NULL COMMENT '0 禁用 1启用',
  `sort_num` int(11) DEFAULT NULL,
  `created` datetime DEFAULT NULL,
  `updated` datetime DEFAULT NULL,
  PRIMARY KEY (`role_id`)
) ENGINE=InnoDB AUTO_INCREMENT=4 DEFAULT CHARSET=utf8;

/*Data for the table `role` */

insert  into `role`(`role_id`,`role_name`,`role_duty`,`role_status`,`sort_num`,`created`,`updated`) values (1,'超级管理员','负责管理整个系统',1,1,'2021-02-18 19:17:23','2021-02-18 19:17:23'),(2,'总经理','总经理',1,2,'2021-02-18 19:17:23','2021-02-18 19:17:23'),(3,'主管','主管项目',1,3,'2021-02-18 19:17:23','2021-02-18 19:17:23');

/*Table structure for table `role_rights` */

DROP TABLE IF EXISTS `role_rights`;

CREATE TABLE `role_rights` (
  `role_id` int(11) DEFAULT NULL,
  `rights_id` int(11) DEFAULT NULL
) ENGINE=InnoDB DEFAULT CHARSET=utf8;

/*Data for the table `role_rights` */

insert  into `role_rights`(`role_id`,`rights_id`) values (2,1),(2,2),(2,12),(2,13),(3,11),(3,1),(3,2),(1,1),(1,2),(1,11),(1,12),(1,13);

/*Table structure for table `user` */

DROP TABLE IF EXISTS `user`;

CREATE TABLE `user` (
  `id` int(11) NOT NULL AUTO_INCREMENT,
  `username` varchar(80) DEFAULT NULL,
  `password` varchar(80) DEFAULT NULL,
  `phone` varchar(20) DEFAULT NULL,
  `email` varchar(40) DEFAULT NULL,
  `status` tinyint(1) DEFAULT NULL,
  `created` datetime DEFAULT NULL,
  `updated` datetime DEFAULT NULL,
  PRIMARY KEY (`id`)
) ENGINE=InnoDB AUTO_INCREMENT=6 DEFAULT CHARSET=utf8;

/*Data for the table `user` */

insert  into `user`(`id`,`username`,`password`,`phone`,`email`,`status`,`created`,`updated`) values (1,'admin','a66abb5684c45962d887564f08346e8d','13111112222','1235678@qq.com',1,'2021-02-18 19:17:23','2021-03-26 14:47:20'),(2,'admin123','a66abb5684c45962d887564f08346e8d','13111112223','1235678@qq.com',1,'2021-02-18 19:17:23','2021-05-21 17:34:32'),(4,'admin666','0192023a7bbd73250516f069df18b500','13111112222','11@qq.com',1,'2021-03-22 21:25:06','2021-03-22 21:25:06'),(5,'harrylyj','cf8f7ab6054c6b147cdb35e494c291e9','17688888888','527161772@qq.com',1,'2021-05-10 19:01:45','2021-05-10 19:01:45');

/*Table structure for table `user_role` */

DROP TABLE IF EXISTS `user_role`;

CREATE TABLE `user_role` (
  `id` int(11) DEFAULT NULL,
  `role_id` int(11) DEFAULT NULL
) ENGINE=InnoDB DEFAULT CHARSET=utf8;

/*Data for the table `user_role` */

insert  into `user_role`(`id`,`role_id`) values (2,1),(1,1),(4,2);

/*!40101 SET SQL_MODE=@OLD_SQL_MODE */;
/*!40014 SET FOREIGN_KEY_CHECKS=@OLD_FOREIGN_KEY_CHECKS */;
/*!40014 SET UNIQUE_CHECKS=@OLD_UNIQUE_CHECKS */;
/*!40111 SET SQL_NOTES=@OLD_SQL_NOTES */;
